Workbook

Sheet Plastics CCUS_COMPARISON
I1: HDPE DEMAND 2024 | J1: =J12*1.4/100*1.055 -> 302.27344 | M1: RMTO | N1: RMTP | O1: ROCM | S1: RMTO | T1: RMTP | U1: ROCM | W1: Natural gas thousand cu ft/car | X1: Natural gas Million (m3)/car | Y1: Crude oil gal/car | Z1: Crude oil Thousands (m3)/car | AA1: Electricity kWh/car | AC1: ng mass
E2: Value/car | I2: 14.168411 | J2: 13.236279 | K2: 19.947632 | L2: 1.3049853 | M2: 1.3049853 | P2: 2.6099705 | R2: 2.6099705 | S2: 2.6099705 | V2: 2.0506911 | W2: 13.049853 | X2: 6.5249263 | Y2: 3.1692499 | Z2: 33.74319 | AA2: 22.744029 | AB2: 21.62547 | AC2: 25.726852 | AE2: 7.4623924 | AF2: =28.32*7.46239236299982 -> 211.33495 | AG2: 22.472903 | AH2: =0.00378541*22.4729025711425 -> 0.08506915 | AI2: 356.27222 | AK2: 2636.4 | AL2: 50000
A3: ='Texas pop'!A99 -> Year | B3: ='Texas pop'!B99 -> Population | C3: ='Texas pop'!C99 -> EVs | D3: ='Texas pop'!D99 -> EVs w retirement | E3: ='Texas pop'!E99 -> Sales Difference/New cars | F3: ENERGY REQUIRED [PJ] | G3: TONS OF CO2 EMITTED | H3: TONS OF CO2 CAPTURED | I3: TONS OF PE PRODUCED THROGH CCUS | J3: TONS REQ | K3: DELTA (NG NEEDED) | L3: FINAL PRICE/ TON PLASTIC CONVENTIONAL | M3: FINAL PRICE/ TON PLASTIC NO EMISSIONS | N3: FINAL PRICE/ TON PLASTIC NO EMISSIONS | O3: FINAL PRICE/ TON PLASTIC NO EMISSIONS | P3: JANUARY NG PRICE BASED (USD/THOUSAND CU FT) | Q3: NG PRICE/TON PLASTIC | R3: CCUS PRICE | S3: RATIO COST NO EMI/EM | V3: ABS | W3: EPDM | X3: LER | Y3: GPPS | Z3: HIPS | AA3: HDPE | AB3: LDPE | AC3: LLDPE | AD3: Nylon 6 | AE3: Nylon 66 | AF3: PC | AG3: PET | AH3: PP | AI3: FPUR foam | AJ3: RPUR foam | AK3: PVC | AL3: Total | AM3: NG | AN3: NG | AO3: Crude oil | AQ3: Electricity | AS3: =AT3*AK2/AL2 -> 393.47702 | AT3: =7.46239236299982*1000 -> 7462.3924
A4: ='Texas pop'!A100 -> 2016 | B4: ='Texas pop'!B100 -> 27914064 | C4: ='Texas pop'!C100 -> 11900 | D4: ='Texas pop'!D100 -> 11900 | E4: ='Texas pop'!E100 -> 4200 | F4: =E4*$C$46*$D$45/1000000000 -> 0.058361977 | G4: =E4/1000*$D$41/0.9/1000 -> 2.4208779 | H4: 0 | I4: =H4/$D$42*$D$43 -> 0 | J4: =$D$45*E4/1000 -> 808.626 | L4: =Q4 -> 453.7037 | M4: ='Plastics CCUS_RMTO'!M4 -> 453.7037 | N4: ='Plastics CCUS_RMTP'!M4 -> 453.7037 | O4: ='Plastics CCUS_ROCM'!M4 -> 453.7037 | P4: 2.45 | Q4: =$H$50/2.7*P4 -> 453.7037 | R4: =R5/D43 -> 1955.1356 | S4: ='Plastics CCUS_RMTO'!Q4 -> 1 | T4: ='Plastics CCUS_RMTP'!Q4 -> 1 | U4: ='Plastics CCUS_ROCM'!Q4 -> 1 | V4: =$E4*I$2/1000000 -> 0.059507328 | W4: =$E4*J$2/1000000 -> 0.055592372 | X4: =$E4*K$2/1000000 -> 0.083780053 | Y4: =$E4*L$2/1000000 -> 0.0054809381 | Z4: =$E4*M$2/1000000 -> 0.0054809381 | AA4: =$E4*P$2/1000000 -> 0.010961876 | AB4: =$E4*R$2/1000000 -> 0.010961876 | AC4: =$E4*S$2/1000000 -> 0.010961876 | AD4: =$E4*V$2/1000000 -> 0.0086129027 | AE4: =$E4*W$2/1000000 -> 0.054809381 | AF4: =$E4*X$2/1000000 -> 0.02740469 | AG4: =$E4*Y$2/1000000 -> 0.01331085 | AH4: =$E4*Z$2/1000000 -> 0.1417214 | AI4: =$E4*AA$2/1000000 -> 0.095524921 | AJ4: =$E4*AB$2/1000000 -> 0.090826974 | AK4: =$E4*AC$2/1000000 -> 0.10805278 | AL4: =SUM(V4:AK4) -> 0.78299115 | AM4: =$E4*AE$2 -> 31342.048 | AN4: =$E4*AF$2/1000000 -> 0.8876068 | AO4: =$E4*AG$2/(42*1000) -> 2.2472903 | AP4: =$E4*AH$2/1000 -> 0.35729043 | AQ4: =$E4*AI$2/1000000 -> 1.4963433 | AS4: =AS3*AT5 -> 178.47803 | AT4: kgs
A5: ='Texas pop'!A101 -> 2017 | B5: ='Texas pop'!B101 -> 28291024 | C5: ='Texas pop'!C101 -> 16100 | D5: ='Texas pop'!D101 -> 16100 | E5: ='Texas pop'!E101 -> 8400 | F5: =E5*$C$46*$D$45/1000000000 -> 0.11672395 | G5: =E5/1000*$D$41/0.9/1000 -> 4.8417558 | H5: 0 | I5: =H5/$D$42*$D$43 -> 0 | J5: =$D$45*E5/1000 -> 1617.252 | K5: =J5-I4 -> 1617.252 | L5: =Q5 -> 711.11111 | M5: ='Plastics CCUS_RMTO'!M5 -> 711.11111 | N5: ='Plastics CCUS_RMTP'!M5 -> 711.11111 | O5: ='Plastics CCUS_ROCM'!M5 -> 711.11111 | P5: 3.84 | Q5: =$H$50/2.7*P5 -> 711.11111 | R5: =D50/D43 -> 1857.3788 | S5: ='Plastics CCUS_RMTO'!Q5 -> 1 | T5: ='Plastics CCUS_RMTP'!Q5 -> 1 | U5: ='Plastics CCUS_ROCM'!Q5 -> 1 | V5: =$E5*I$2/1000000 -> 0.11901466 | W5: =$E5*J$2/1000000 -> 0.11118474 | X5: =$E5*K$2/1000000 -> 0.16756011 | Y5: =$E5*L$2/1000000 -> 0.010961876 | Z5: =$E5*M$2/1000000 -> 0.010961876 | AA5: =$E5*P$2/1000000 -> 0.021923752 | AB5: =$E5*R$2/1000000 -> 0.021923752 | AC5: =$E5*S$2/1000000 -> 0.021923752 | AD5: =$E5*V$2/1000000 -> 0.017225805 | AE5: =$E5*W$2/1000000 -> 0.10961876 | AF5: =$E5*X$2/1000000 -> 0.054809381 | AG5: =$E5*Y$2/1000000 -> 0.026621699 | AH5: =$E5*Z$2/1000000 -> 0.2834428 | AI5: =$E5*AA$2/1000000 -> 0.19104984 | AJ5: =$E5*AB$2/1000000 -> 0.18165395 | AK5: =$E5*AC$2/1000000 -> 0.21610556 | AL5: =SUM(V5:AK5) -> 1.5659823 | AM5: =$E5*AE$2 -> 62684.096 | AN5: =$E5*AF$2/1000000 -> 1.7752136 | AO5: =$E5*AG$2/(42*1000) -> 4.4945805 | AP5: =$E5*AH$2/1000 -> 0.71458086 | AQ5: =$E5*AI$2/1000000 -> 2.9926866 | AS5: lbs to kg | AT5: 0.453592
A6: ='Texas pop'!A102 -> 2018 | B6: ='Texas pop'!B102 -> 28624564 | C6: ='Texas pop'!C102 -> 24500 | D6: ='Texas pop'!D102 -> 24500 | E6: ='Texas pop'!E102 -> 13900 | F6: =E6*$C$46*$D$45/1000000000 -> 0.19315035 | G6: =E6/1000*$D$41/0.9/1000 -> 8.0119531 | H6: 0 | I6: =H6/$D$42*$D$43 -> 0 | J6: =$D$45*E6/1000 -> 2676.167 | K6: =J6-I5 -> 2676.167 | L6: =Q6 -> 620.37037 | M6: ='Plastics CCUS_RMTO'!M6 -> 620.37037 | N6: ='Plastics CCUS_RMTP'!M6 -> 620.37037 | O6: ='Plastics CCUS_ROCM'!M6 -> 620.37037 | P6: 3.35 | Q6: =$H$50/2.7*P6 -> 620.37037 | R6: =R5*(1-0.01) -> 1838.805 | S6: ='Plastics CCUS_RMTO'!Q6 -> 1 | T6: ='Plastics CCUS_RMTP'!Q6 -> 1 | U6: ='Plastics CCUS_ROCM'!Q6 -> 1 | V6: =$E6*I$2/1000000 -> 0.19694092 | W6: =$E6*J$2/1000000 -> 0.18398428 | X6: =$E6*K$2/1000000 -> 0.27727208 | Y6: =$E6*L$2/1000000 -> 0.018139295 | Z6: =$E6*M$2/1000000 -> 0.018139295 | AA6: =$E6*P$2/1000000 -> 0.03627859 | AB6: =$E6*R$2/1000000 -> 0.03627859 | AC6: =$E6*S$2/1000000 -> 0.03627859 | AD6: =$E6*V$2/1000000 -> 0.028504607 | AE6: =$E6*W$2/1000000 -> 0.18139295 | AF6: =$E6*X$2/1000000 -> 0.090696475 | AG6: =$E6*Y$2/1000000 -> 0.044052574 | AH6: =$E6*Z$2/1000000 -> 0.46903034 | AI6: =$E6*AA$2/1000000 -> 0.316142 | AJ6: =$E6*AB$2/1000000 -> 0.30059403 | AK6: =$E6*AC$2/1000000 -> 0.35760325 | AL6: =SUM(V6:AK6) -> 2.5913279 | AM6: =$E6*AE$2 -> 103727.25 | AN6: =$E6*AF$2/1000000 -> 2.9375558 | AO6: =$E6*AG$2/(42*1000) -> 7.4374606 | AP6: =$E6*AH$2/1000 -> 1.1824612 | AQ6: =$E6*AI$2/1000000 -> 4.9521838
A7: ='Texas pop'!A103 -> 2019 | B7: ='Texas pop'!B103 -> 28986794 | C7: ='Texas pop'!C103 -> 38400 | D7: ='Texas pop'!D103 -> 38400 | E7: ='Texas pop'!E103 -> 13800 | F7: =E7*$C$46*$D$45/1000000000 -> 0.19176078 | G7: =E7/1000*$D$41/0.9/1000 -> 7.9543131 | H7: 0 | I7: =H7/$D$42*$D$43 -> 0 | J7: =$D$45*E7/1000 -> 2656.914 | K7: =J7-I6 -> 2656.914 | L7: =Q7 -> 725.92593 | M7: ='Plastics CCUS_RMTO'!M7 -> 725.92593 | N7: ='Plastics CCUS_RMTP'!M7 -> 725.92593 | O7: ='Plastics CCUS_ROCM'!M7 -> 725.92593 | P7: 3.92 | Q7: =$H$50/2.7*P7 -> 725.92593 | R7: =R6*(1-0.01) -> 1820.417 | S7: ='Plastics CCUS_RMTO'!Q7 -> 1 | T7: ='Plastics CCUS_RMTP'!Q7 -> 1 | U7: ='Plastics CCUS_ROCM'!Q7 -> 1 | V7: =$E7*I$2/1000000 -> 0.19552408 | W7: =$E7*J$2/1000000 -> 0.18266065 | X7: =$E7*K$2/1000000 -> 0.27527732 | Y7: =$E7*L$2/1000000 -> 0.018008797 | Z7: =$E7*M$2/1000000 -> 0.018008797 | AA7: =$E7*P$2/1000000 -> 0.036017593 | AB7: =$E7*R$2/1000000 -> 0.036017593 | AC7: =$E7*S$2/1000000 -> 0.036017593 | AD7: =$E7*V$2/1000000 -> 0.028299537 | AE7: =$E7*W$2/1000000 -> 0.18008797 | AF7: =$E7*X$2/1000000 -> 0.090043983 | AG7: =$E7*Y$2/1000000 -> 0.043735649 | AH7: =$E7*Z$2/1000000 -> 0.46565602 | AI7: =$E7*AA$2/1000000 -> 0.3138676 | AJ7: =$E7*AB$2/1000000 -> 0.29843149 | AK7: =$E7*AC$2/1000000 -> 0.35503056 | AL7: =SUM(V7:AK7) -> 2.5726852 | AM7: =$E7*AE$2 -> 102981.01 | AN7: =$E7*AF$2/1000000 -> 2.9164223 | AO7: =$E7*AG$2/(42*1000) -> 7.3839537 | AP7: =$E7*AH$2/1000 -> 1.1739543 | AQ7: =$E7*AI$2/1000000 -> 4.9165566 | AS7: oil mass
A8: ='Texas pop'!A104 -> 2020 | B8: ='Texas pop'!B104 -> 29232474 | C8: ='Texas pop'!C104 -> 52200 | D8: ='Texas pop'!D104 -> 52200 | E8: ='Texas pop'!E104 -> 28700 | F8: =E8*$C$46*$D$45/1000000000 -> 0.39880684 | G8: =E8/1000*$D$41/0.9/1000 -> 16.542666 | H8: 0 | I8: =H8/$D$42*$D$43 -> 0 | J8: =$D$45*E8/1000 -> 5525.611 | K8: =J8-I7 -> 5525.611 | L8: =Q8 -> 429.62963 | M8: ='Plastics CCUS_RMTO'!M8 -> 429.62963 | N8: ='Plastics CCUS_RMTP'!M8 -> 429.62963 | O8: ='Plastics CCUS_ROCM'!M8 -> 429.62963 | P8: 2.32 | Q8: =$H$50/2.7*P8 -> 429.62963 | R8: =R7*(1-0.01) -> 1802.2128 | S8: ='Plastics CCUS_RMTO'!Q8 -> 1 | T8: ='Plastics CCUS_RMTP'!Q8 -> 1 | U8: ='Plastics CCUS_ROCM'!Q8 -> 1 | V8: =$E8*I$2/1000000 -> 0.40663341 | W8: =$E8*J$2/1000000 -> 0.37988121 | X8: =$E8*K$2/1000000 -> 0.57249703 | Y8: =$E8*L$2/1000000 -> 0.037453077 | Z8: =$E8*M$2/1000000 -> 0.037453077 | AA8: =$E8*P$2/1000000 -> 0.074906154 | AB8: =$E8*R$2/1000000 -> 0.074906154 | AC8: =$E8*S$2/1000000 -> 0.074906154 | AD8: =$E8*V$2/1000000 -> 0.058854835 | AE8: =$E8*W$2/1000000 -> 0.37453077 | AF8: =$E8*X$2/1000000 -> 0.18726538 | AG8: =$E8*Y$2/1000000 -> 0.090957472 | AH8: =$E8*Z$2/1000000 -> 0.96842956 | AI8: =$E8*AA$2/1000000 -> 0.65275362 | AJ8: =$E8*AB$2/1000000 -> 0.62065099 | AK8: =$E8*AC$2/1000000 -> 0.73836066 | AL8: =SUM(V8:AK8) -> 5.3504395 | AM8: =$E8*AE$2 -> 214170.66 | AN8: =$E8*AF$2/1000000 -> 6.0653131 | AO8: =$E8*AG$2/(42*1000) -> 15.356483 | AP8: =$E8*AH$2/1000 -> 2.4414846 | AQ8: =$E8*AI$2/1000000 -> 10.225013 | AS8: 7.2 | AT8: =AS8*AG2 -> 161.8049
A9: ='Texas pop'!A105 -> 2021 | B9: ='Texas pop'!B105 -> 29558864 | C9: ='Texas pop'!C105 -> 80900 | D9: ='Texas pop'!D105 -> 80900 | E9: ='Texas pop'!E105 -> 68100 | F9: =E9*$C$46*$D$45/1000000000 -> 0.94629776 | G9: =E9/1000*$D$41/0.9/1000 -> 39.252806 | H9: 0 | I9: =H9/$D$42*$D$43 -> 0 | J9: =$D$45*E9/1000 -> 13111.293 | K9: =J9-I8 -> 13111.293 | L9: =Q9 -> 511.11111 | M9: ='Plastics CCUS_RMTO'!M9 -> 511.11111 | N9: ='Plastics CCUS_RMTP'!M9 -> 511.11111 | O9: ='Plastics CCUS_ROCM'!M9 -> 511.11111 | P9: 2.76 | Q9: =$H$50/2.7*P9 -> 511.11111 | R9: =R8*(1-0.01) -> 1784.1907 | S9: ='Plastics CCUS_RMTO'!Q9 -> 1 | T9: ='Plastics CCUS_RMTP'!Q9 -> 1 | U9: ='Plastics CCUS_ROCM'!Q9 -> 1 | V9: =$E9*I$2/1000000 -> 0.96486881 | W9: =$E9*J$2/1000000 -> 0.9013906 | X9: =$E9*K$2/1000000 -> 1.3584337 | Y9: =$E9*L$2/1000000 -> 0.088869496 | Z9: =$E9*M$2/1000000 -> 0.088869496 | AA9: =$E9*P$2/1000000 -> 0.17773899 | AB9: =$E9*R$2/1000000 -> 0.17773899 | AC9: =$E9*S$2/1000000 -> 0.17773899 | AD9: =$E9*V$2/1000000 -> 0.13965206 | AE9: =$E9*W$2/1000000 -> 0.88869496 | AF9: =$E9*X$2/1000000 -> 0.44434748 | AG9: =$E9*Y$2/1000000 -> 0.21582592 | AH9: =$E9*Z$2/1000000 -> 2.2979113 | AI9: =$E9*AA$2/1000000 -> 1.5488684 | AJ9: =$E9*AB$2/1000000 -> 1.4726945 | AK9: =$E9*AC$2/1000000 -> 1.7519986 | AL9: =SUM(V9:AK9) -> 12.695642 | AM9: =$E9*AE$2 -> 508188.92 | AN9: =$E9*AF$2/1000000 -> 14.39191 | AO9: =$E9*AG$2/(42*1000) -> 36.438206 | AP9: =$E9*AH$2/1000 -> 5.7932091 | AQ9: =$E9*AI$2/1000000 -> 24.262138 | AS9: kgs | AT9: =AT5*AT8 -> 73.393408
A10: ='Texas pop'!A106 -> 2022 | B10: ='Texas pop'!B106 -> 30029572 | C10: ='Texas pop'!C106 -> 149000 | D10: ='Texas pop'!D106 -> 149000 | E10: ='Texas pop'!E106 -> 78996 | F10: =E10*$C$46*$D$45/1000000000 -> 1.0977054 | G10: =E10/1000*$D$41/0.9/1000 -> 45.533255 | H10: 0 | I10: =H10/$D$42*$D$43 -> 0 | J10: =$D$45*E10/1000 -> 15209.1 | K10: =J10-I9 -> 15209.1 | L10: =Q10 -> 901.85185 | M10: ='Plastics CCUS_RMTO'!M10 -> 901.85185 | N10: ='Plastics CCUS_RMTP'!M10 -> 901.85185 | O10: ='Plastics CCUS_ROCM'!M10 -> 901.85185 | P10: 4.87 | Q10: =$H$50/2.7*P10 -> 901.85185 | R10: =R9*(1-0.01) -> 1766.3488 | S10: ='Plastics CCUS_RMTO'!Q10 -> 1 | T10: ='Plastics CCUS_RMTP'!Q10 -> 1 | U10: ='Plastics CCUS_ROCM'!Q10 -> 1 | V10: =$E10*I$2/1000000 -> 1.1192478 | W10: =$E10*J$2/1000000 -> 1.0456131 | X10: =$E10*K$2/1000000 -> 1.5757831 | Y10: =$E10*L$2/1000000 -> 0.10308862 | Z10: =$E10*M$2/1000000 -> 0.10308862 | AA10: =$E10*P$2/1000000 -> 0.20617723 | AB10: =$E10*R$2/1000000 -> 0.20617723 | AC10: =$E10*S$2/1000000 -> 0.20617723 | AD10: =$E10*V$2/1000000 -> 0.1619964 | AE10: =$E10*W$2/1000000 -> 1.0308862 | AF10: =$E10*X$2/1000000 -> 0.51544308 | AG10: =$E10*Y$2/1000000 -> 0.25035807 | AH10: =$E10*Z$2/1000000 -> 2.6655771 | AI10: =$E10*AA$2/1000000 -> 1.7966873 | AJ10: =$E10*AB$2/1000000 -> 1.7083256 | AK10: =$E10*AC$2/1000000 -> 2.0323184 | AL10: =SUM(V10:AK10) -> 14.726945 | AM10: =$E10*AE$2 -> 589499.15 | AN10: =$E10*AF$2/1000000 -> 16.694616 | AO10: =$E10*AG$2/(42*1000) -> 42.268319 | AP10: =$E10*AH$2/1000 -> 6.7201226 | AQ10: =$E10*AI$2/1000000 -> 28.14408 | AS10: kgs | AT10: =AS4+AT9 -> 251.87144
A11: ='Texas pop'!A107 -> 2023 | B11: ='Texas pop'!B107 -> 30303924 | C11: ='Texas pop'!C107 -> 227996 | D11: ='Texas pop'!D107 -> 227996 | E11: ='Texas pop'!E107 -> 91635.36 | F11: =E11*$C$46*$D$45/1000000000 -> 1.2733383 | G11: =E11/1000*$D$41/0.9/1000 -> 52.818576 | H11: 0 | I11: =H11/$D$42*$D$43 -> 0 | J11: =$D$45*E11/1000 -> 17642.556 | K11: =J11-I10 -> 17642.556 | L11: =Q11 -> 831.48148 | M11: ='Plastics CCUS_RMTO'!M11 -> 831.48148 | N11: ='Plastics CCUS_RMTP'!M11 -> 831.48148 | O11: ='Plastics CCUS_ROCM'!M11 -> 831.48148 | P11: 4.49 | Q11: =$H$50/2.7*P11 -> 831.48148 | R11: =R10*(1-0.01) -> 1748.6853 | S11: ='Plastics CCUS_RMTO'!Q11 -> 1 | T11: ='Plastics CCUS_RMTP'!Q11 -> 1 | U11: ='Plastics CCUS_ROCM'!Q11 -> 1 | V11: =$E11*I$2/1000000 -> 1.2983275 | W11: =$E11*J$2/1000000 -> 1.2129112 | X11: =$E11*K$2/1000000 -> 1.8279084 | Y11: =$E11*L$2/1000000 -> 0.11958279 | Z11: =$E11*M$2/1000000 -> 0.11958279 | AA11: =$E11*P$2/1000000 -> 0.23916559 | AB11: =$E11*R$2/1000000 -> 0.23916559 | AC11: =$E11*S$2/1000000 -> 0.23916559 | AD11: =$E11*V$2/1000000 -> 0.18791582 | AE11: =$E11*W$2/1000000 -> 1.1958279 | AF11: =$E11*X$2/1000000 -> 0.59791397 | AG11: =$E11*Y$2/1000000 -> 0.29041536 | AH11: =$E11*Z$2/1000000 -> 3.0920694 | AI11: =$E11*AA$2/1000000 -> 2.0841573 | AJ11: =$E11*AB$2/1000000 -> 1.9816577 | AK11: =$E11*AC$2/1000000 -> 2.3574894 | AL11: =SUM(V11:AK11) -> 17.083256 | AM11: =$E11*AE$2 -> 683819.01 | AN11: =$E11*AF$2/1000000 -> 19.365754 | AO11: =$E11*AG$2/(42*1000) -> 49.03125 | AP11: =$E11*AH$2/1000 -> 7.7953422 | AQ11: =$E11*AI$2/1000000 -> 32.647133 | AS11: final | AT11: 186.43
A12: ='Texas pop'!A108 -> 2024 | B12: ='Texas pop'!B108 -> 30642857 | C12: ='Texas pop'!C108 -> 319631.36 | D12: ='Texas pop'!D108 -> 319631.36 | E12: ='Texas pop'!E108 -> 106297.02 | F12: =E12*$C$46*$D$45/1000000000 -> 1.4770724 | G12: =E12/1000*$D$41/0.9/1000 -> 61.269548 | H12: =E12*$D$41/1000 -> 55142.593 | I12: =H12/$D$42*$D$43 -> 12182.666 | J12: =$D$45*E12/1000 -> 20465.365 | K12: =J12-I11 -> 20465.365 | L12: =Q12 -> 833.33333 | M12: ='Plastics CCUS_RMTO'!M12 -> 833.33333 | N12: ='Plastics CCUS_RMTP'!M12 -> 833.33333 | O12: ='Plastics CCUS_ROCM'!M12 -> 833.33333 | P12: 4.5 | Q12: =$H$50/2.7*P12 -> 833.33333 | R12: =R11*(1-0.01) -> 1731.1984 | S12: ='Plastics CCUS_RMTO'!Q12 -> 1 | T12: ='Plastics CCUS_RMTP'!Q12 -> 1 | U12: ='Plastics CCUS_ROCM'!Q12 -> 1 | V12: =$E12*I$2/1000000 -> 1.5060599 | W12: =$E12*J$2/1000000 -> 1.406977 | X12: =$E12*K$2/1000000 -> 2.1203738 | Y12: =$E12*L$2/1000000 -> 0.13871604 | Z12: =$E12*M$2/1000000 -> 0.13871604 | AA12: =$E12*P$2/1000000 -> 0.27743208 | AB12: =$E12*R$2/1000000 -> 0.27743208 | AC12: =$E12*S$2/1000000 -> 0.27743208 | AD12: =$E12*V$2/1000000 -> 0.21798235 | AE12: =$E12*W$2/1000000 -> 1.3871604 | AF12: =$E12*X$2/1000000 -> 0.6935802 | AG12: =$E12*Y$2/1000000 -> 0.33688181 | AH12: =$E12*Z$2/1000000 -> 3.5868005 | AI12: =$E12*AA$2/1000000 -> 2.4176224 | AJ12: =$E12*AB$2/1000000 -> 2.298723 | AK12: =$E12*AC$2/1000000 -> 2.7346877 | AL12: =SUM(V12:AK12) -> 19.816577 | AM12: =$E12*AE$2 -> 793230.05 | AN12: =$E12*AF$2/1000000 -> 22.464275 | AO12: =$E12*AG$2/(42*1000) -> 56.87625 | AP12: =$E12*AH$2/1000 -> 9.0425969 | AQ12: =$E12*AI$2/1000000 -> 37.870674 | AS12: Mass req/kg output | AT12: =AT10/AT11 -> 1.3510242
A13: ='Texas pop'!A109 -> 2025 | B13: ='Texas pop'!B109 -> 30981790 | C13: ='Texas pop'!C109 -> 425928.38 | D13: ='Texas pop'!D109 -> 425928.38 | E13: ='Texas pop'!E109 -> 123304.54 | F13: =E13*$C$46*$D$45/1000000000 -> 1.713404 | G13: =E13/1000*$D$41/0.9/1000 -> 71.072675 | H13: =E13*$D$41/1000 -> 63965.408 | I13: =H13/$D$42*$D$43 -> 14131.892 | J13: =$D$45*E13/1000 -> 23739.823 | K13: =J13-I12 -> 11557.157 | L13: =Q13 -> 840.74074 | M13: ='Plastics CCUS_RMTO'!M13 -> 1288.8166 | N13: ='Plastics CCUS_RMTP'!M13 -> 1330.9965 | O13: ='Plastics CCUS_ROCM'!M13 -> 1248.9627 | P13: 4.54 | Q13: =$H$50/2.7*P13 -> 840.74074 | R13: =R12*(1-0.01) -> 1713.8865 | S13: ='Plastics CCUS_RMTO'!Q13 -> 1.5329537 | T13: ='Plastics CCUS_RMTP'!Q13 -> 1.5831236 | U13: ='Plastics CCUS_ROCM'!Q13 -> 1.4855503 | V13: =$E13*I$2/1000000 -> 1.7470294 | W13: =$E13*J$2/1000000 -> 1.6320933 | X13: =$E13*K$2/1000000 -> 2.4596336 | Y13: =$E13*L$2/1000000 -> 0.16091061 | Z13: =$E13*M$2/1000000 -> 0.16091061 | AA13: =$E13*P$2/1000000 -> 0.32182121 | AB13: =$E13*R$2/1000000 -> 0.32182121 | AC13: =$E13*S$2/1000000 -> 0.32182121 | AD13: =$E13*V$2/1000000 -> 0.25285953 | AE13: =$E13*W$2/1000000 -> 1.6091061 | AF13: =$E13*X$2/1000000 -> 0.80455304 | AG13: =$E13*Y$2/1000000 -> 0.3907829 | AH13: =$E13*Z$2/1000000 -> 4.1606886 | AI13: =$E13*AA$2/1000000 -> 2.804442 | AJ13: =$E13*AB$2/1000000 -> 2.6665186 | AK13: =$E13*AC$2/1000000 -> 3.1722377 | AL13: =SUM(V13:AK13) -> 22.98723 | AM13: =$E13*AE$2 -> 920146.86 | AN13: =$E13*AF$2/1000000 -> 26.058559 | AO13: =$E13*AG$2/(42*1000) -> 65.976451 | AP13: =$E13*AH$2/1000 -> 10.489412 | AQ13: =$E13*AI$2/1000000 -> 43.929982
A14: ='Texas pop'!A110 -> 2026 | B14: ='Texas pop'!B110 -> 31320722 | C14: ='Texas pop'!C110 -> 549232.92 | D14: ='Texas pop'!D110 -> 549232.92 | E14: ='Texas pop'!E110 -> 143033.27 | F14: =E14*$C$46*$D$45/1000000000 -> 1.9875486 | G14: =E14/1000*$D$41/0.9/1000 -> 82.444304 | H14: =E14*$D$41/1000 -> 74199.873 | I14: =H14/$D$42*$D$43 -> 16392.995 | J14: =$D$45*E14/1000 -> 27538.195 | K14: =J14-I13 -> 13406.302 | L14: =Q14 -> 848.14815 | M14: ='Plastics CCUS_RMTO'!M14 -> 1283.6275 | N14: ='Plastics CCUS_RMTP'!M14 -> 1326.231 | O14: ='Plastics CCUS_ROCM'!M14 -> 1247.441 | P14: 4.58 | Q14: =$H$50/2.7*P14 -> 848.14815 | R14: =R13*(1-0.01) -> 1696.7476 | S14: ='Plastics CCUS_RMTO'!Q14 -> 1.5134473 | T14: ='Plastics CCUS_RMTP'!Q14 -> 1.5636785 | U14: ='Plastics CCUS_ROCM'!Q14 -> 1.4707819 | V14: =$E14*I$2/1000000 -> 2.0265542 | W14: =$E14*J$2/1000000 -> 1.8932282 | X14: =$E14*K$2/1000000 -> 2.8531749 | Y14: =$E14*L$2/1000000 -> 0.1866563 | Z14: =$E14*M$2/1000000 -> 0.1866563 | AA14: =$E14*P$2/1000000 -> 0.37331261 | AB14: =$E14*R$2/1000000 -> 0.37331261 | AC14: =$E14*S$2/1000000 -> 0.37331261 | AD14: =$E14*V$2/1000000 -> 0.29331705 | AE14: =$E14*W$2/1000000 -> 1.866563 | AF14: =$E14*X$2/1000000 -> 0.93328152 | AG14: =$E14*Y$2/1000000 -> 0.45330817 | AH14: =$E14*Z$2/1000000 -> 4.8263987 | AI14: =$E14*AA$2/1000000 -> 3.2531527 | AJ14: =$E14*AB$2/1000000 -> 3.0931616 | AK14: =$E14*AC$2/1000000 -> 3.6797957 | AL14: =SUM(V14:AK14) -> 26.665186 | AM14: =$E14*AE$2 -> 1067370.4 | AN14: =$E14*AF$2/1000000 -> 30.227929 | AO14: =$E14*AG$2/(42*1000) -> 76.532683 | AP14: =$E14*AH$2/1000 -> 12.167718 | AQ14: =$E14*AI$2/1000000 -> 50.958779
A15: ='Texas pop'!A111 -> 2027 | B15: ='Texas pop'!B111 -> 31659655 | C15: ='Texas pop'!C111 -> 692266.18 | D15: ='Texas pop'!D111 -> 692266.18 | E15: ='Texas pop'!E111 -> 165918.59 | F15: =E15*$C$46*$D$45/1000000000 -> 2.3055564 | G15: =E15/1000*$D$41/0.9/1000 -> 95.635392 | H15: =E15*$D$41/1000 -> 86071.853 | I15: =H15/$D$42*$D$43 -> 19015.874 | J15: =$D$45*E15/1000 -> 31944.306 | K15: =J15-I14 -> 15551.311 | L15: =Q15 -> 888.88889 | M15: ='Plastics CCUS_RMTO'!M15 -> 1294.7539 | N15: ='Plastics CCUS_RMTP'!M15 -> 1339.5626 | O15: ='Plastics CCUS_ROCM'!M15 -> 1269.1032 | P15: 4.8 | Q15: =$H$50/2.7*P15 -> 888.88889 | R15: =R14*(1-0.01) -> 1679.7801 | S15: ='Plastics CCUS_RMTO'!Q15 -> 1.4565981 | T15: ='Plastics CCUS_RMTP'!Q15 -> 1.5070079 | U15: ='Plastics CCUS_ROCM'!Q15 -> 1.4277411 | V15: =$E15*I$2/1000000 -> 2.3508028 | W15: =$E15*J$2/1000000 -> 2.1961447 | X15: =$E15*K$2/1000000 -> 3.3096829 | Y15: =$E15*L$2/1000000 -> 0.21652131 | Z15: =$E15*M$2/1000000 -> 0.21652131 | AA15: =$E15*P$2/1000000 -> 0.43304263 | AB15: =$E15*R$2/1000000 -> 0.43304263 | AC15: =$E15*S$2/1000000 -> 0.43304263 | AD15: =$E15*V$2/1000000 -> 0.34024778 | AE15: =$E15*W$2/1000000 -> 2.1652131 | AF15: =$E15*X$2/1000000 -> 1.0826066 | AG15: =$E15*Y$2/1000000 -> 0.52583747 | AH15: =$E15*Z$2/1000000 -> 5.5986225 | AI15: =$E15*AA$2/1000000 -> 3.7736572 | AJ15: =$E15*AB$2/1000000 -> 3.5880675 | AK15: =$E15*AC$2/1000000 -> 4.268563 | AL15: =SUM(V15:AK15) -> 30.931616 | AM15: =$E15*AE$2 -> 1238149.6 | AN15: =$E15*AF$2/1000000 -> 35.064397 | AO15: =$E15*AG$2/(42*1000) -> 88.777912 | AP15: =$E15*AH$2/1000 -> 14.114553 | AQ15: =$E15*AI$2/1000000 -> 59.112183
A16: ='Texas pop'!A112 -> 2028 | B16: ='Texas pop'!B112 -> 31998588 | C16: ='Texas pop'!C112 -> 858184.77 | D16: ='Texas pop'!D112 -> 858184.77 | E16: ='Texas pop'!E112 -> 192465.56 | F16: =E16*$C$46*$D$45/1000000000 -> 2.6744454 | G16: =E16/1000*$D$41/0.9/1000 -> 110.93705 | H16: =E16*$D$41/1000 -> 99843.349 | I16: =H16/$D$42*$D$43 -> 22058.414 | J16: =$D$45*E16/1000 -> 37055.395 | K16: =J16-I15 -> 18039.521 | L16: =Q16 -> 907.40741 | M16: ='Plastics CCUS_RMTO'!M16 -> 1295.149 | N16: ='Plastics CCUS_RMTP'!M16 -> 1340.9747 | O16: ='Plastics CCUS_ROCM'!M16 -> 1275.4198 | P16: 4.9 | Q16: =$H$50/2.7*P16 -> 907.40741 | R16: =R15*(1-0.01) -> 1662.9823 | S16: ='Plastics CCUS_RMTO'!Q16 -> 1.4273071 | T16: ='Plastics CCUS_RMTP'!Q16 -> 1.4778088 | U16: ='Plastics CCUS_ROCM'!Q16 -> 1.4055646 | V16: =$E16*I$2/1000000 -> 2.7269313 | W16: =$E16*J$2/1000000 -> 2.5475279 | X16: =$E16*K$2/1000000 -> 3.8392322 | Y16: =$E16*L$2/1000000 -> 0.25116472 | Z16: =$E16*M$2/1000000 -> 0.25116472 | AA16: =$E16*P$2/1000000 -> 0.50232945 | AB16: =$E16*R$2/1000000 -> 0.50232945 | AC16: =$E16*S$2/1000000 -> 0.50232945 | AD16: =$E16*V$2/1000000 -> 0.39468742 | AE16: =$E16*W$2/1000000 -> 2.5116472 | AF16: =$E16*X$2/1000000 -> 1.2558236 | AG16: =$E16*Y$2/1000000 -> 0.60997147 | AH16: =$E16*Z$2/1000000 -> 6.4944021 | AI16: =$E16*AA$2/1000000 -> 4.3774423 | AJ16: =$E16*AB$2/1000000 -> 4.1621583 | AK16: =$E16*AC$2/1000000 -> 4.9515331 | AL16: =SUM(V16:AK16) -> 35.880675 | AM16: =$E16*AE$2 -> 1436253.6 | AN16: =$E16*AF$2/1000000 -> 40.674701 | AO16: =$E16*AG$2/(42*1000) -> 102.98238 | AP16: =$E16*AH$2/1000 -> 16.372882 | AQ16: =$E16*AI$2/1000000 -> 68.570133
A17: ='Texas pop'!A113 -> 2029 | B17: ='Texas pop'!B113 -> 32337520 | C17: ='Texas pop'!C113 -> 1050650.3 | D17: ='Texas pop'!D113 -> 1050650.3 | E17: ='Texas pop'!E113 -> 223260.05 | F17: =E17*$C$46*$D$45/1000000000 -> 3.1023567 | G17: =E17/1000*$D$41/0.9/1000 -> 128.68698 | H17: =E17*$D$41/1000 -> 115818.29 | I17: =H17/$D$42*$D$43 -> 25587.761 | J17: =$D$45*E17/1000 -> 42984.258 | K17: =J17-I16 -> 20925.844 | L17: =Q17 -> 944.44444 | M17: ='Plastics CCUS_RMTO'!M17 -> 1304.6456 | N17: ='Plastics CCUS_RMTP'!M17 -> 1352.4779 | O17: ='Plastics CCUS_ROCM'!M17 -> 1294.6446 | P17: 5.1 | Q17: =$H$50/2.7*P17 -> 944.44444 | R17: =R16*(1-0.01) -> 1646.3525 | S17: ='Plastics CCUS_RMTO'!Q17 -> 1.3813894 | T17: ='Plastics CCUS_RMTP'!Q17 -> 1.4320354 | U17: ='Plastics CCUS_ROCM'!Q17 -> 1.3708002 | V17: =$E17*I$2/1000000 -> 3.1632403 | W17: =$E17*J$2/1000000 -> 2.9551324 | X17: =$E17*K$2/1000000 -> 4.4535093 | Y17: =$E17*L$2/1000000 -> 0.29135108 | Z17: =$E17*M$2/1000000 -> 0.29135108 | AA17: =$E17*P$2/1000000 -> 0.58270216 | AB17: =$E17*R$2/1000000 -> 0.58270216 | AC17: =$E17*S$2/1000000 -> 0.58270216 | AD17: =$E17*V$2/1000000 -> 0.45783741 | AE17: =$E17*W$2/1000000 -> 2.9135108 | AF17: =$E17*X$2/1000000 -> 1.4567554 | AG17: =$E17*Y$2/1000000 -> 0.70756691 | AH17: =$E17*Z$2/1000000 -> 7.5335065 | AI17: =$E17*AA$2/1000000 -> 5.0778331 | AJ17: =$E17*AB$2/1000000 -> 4.8281036 | AK17: =$E17*AC$2/1000000 -> 5.7437784 | AL17: =SUM(V17:AK17) -> 41.621583 | AM17: =$E17*AE$2 -> 1666054.1 | AN17: =$E17*AF$2/1000000 -> 47.182653 | AO17: =$E17*AG$2/(42*1000) -> 119.45956 | AP17: =$E17*AH$2/1000 -> 18.992543 | AQ17: =$E17*AI$2/1000000 -> 79.541354
A18: ='Texas pop'!A114 -> 2030 | B18: ='Texas pop'!B114 -> 32676453 | C18: ='Texas pop'!C114 -> 1273910.4 | D18: ='Texas pop'!D114 -> 1273910.4 | E18: ='Texas pop'!E114 -> 258981.66 | F18: =E18*$C$46*$D$45/1000000000 -> 3.5987337 | G18: =E18/1000*$D$41/0.9/1000 -> 149.2769 | H18: =E18*$D$41/1000 -> 134349.21 | I18: =H18/$D$42*$D$43 -> 29681.802 | J18: =$D$45*E18/1000 -> 49861.74 | K18: =J18-I17 -> 24273.979 | L18: =Q18 -> 962.96296 | M18: ='Plastics CCUS_RMTO'!M18 -> 1305.2122 | N18: ='Plastics CCUS_RMTP'!M18 -> 1354.061 | O18: ='Plastics CCUS_ROCM'!M18 -> 1301.0911 | P18: 5.2 | Q18: =$H$50/2.7*P18 -> 962.96296 | R18: =R17*(1-0.01) -> 1629.889 | S18: ='Plastics CCUS_RMTO'!Q18 -> 1.3554127 | T18: ='Plastics CCUS_RMTP'!Q18 -> 1.4061402 | U18: ='Plastics CCUS_ROCM'!Q18 -> 1.351133 | V18: =$E18*I$2/1000000 -> 3.6693587 | W18: =$E18*J$2/1000000 -> 3.4279535 | X18: =$E18*K$2/1000000 -> 5.1660708 | Y18: =$E18*L$2/1000000 -> 0.33796725 | Z18: =$E18*M$2/1000000 -> 0.33796725 | AA18: =$E18*P$2/1000000 -> 0.6759345 | AB18: =$E18*R$2/1000000 -> 0.6759345 | AC18: =$E18*S$2/1000000 -> 0.6759345 | AD18: =$E18*V$2/1000000 -> 0.53109139 | AE18: =$E18*W$2/1000000 -> 3.3796725 | AF18: =$E18*X$2/1000000 -> 1.6898363 | AG18: =$E18*Y$2/1000000 -> 0.82077761 | AH18: =$E18*Z$2/1000000 -> 8.7388675 | AI18: =$E18*AA$2/1000000 -> 5.8902864 | AJ18: =$E18*AB$2/1000000 -> 5.6006002 | AK18: =$E18*AC$2/1000000 -> 6.662783 | AL18: =SUM(V18:AK18) -> 48.281036 | AM18: =$E18*AE$2 -> 1932622.8 | AN18: =$E18*AF$2/1000000 -> 54.731877 | AO18: =$E18*AG$2/(42*1000) -> 138.57309 | AP18: =$E18*AH$2/1000 -> 22.03135 | AQ18: =$E18*AI$2/1000000 -> 92.267971
A19: ='Texas pop'!A115 -> 2031 | B19: ='Texas pop'!B115 -> 33015385 | C19: ='Texas pop'!C115 -> 1532892.1 | D19: ='Texas pop'!D115 -> 1532892.1 | E19: ='Texas pop'!E115 -> 282290.01 | F19: =E19*$C$46*$D$45/1000000000 -> 3.9226198 | G19: =E19/1000*$D$41/0.9/1000 -> 162.71182 | H19: =E19*$D$41/1000 -> 146440.64 | I19: =H19/$D$42*$D$43 -> 32353.165 | J19: =$D$45*E19/1000 -> 54349.296 | K19: =J19-I18 -> 24667.494 | L19: =Q19 -> 981.48148 | M19: ='Plastics CCUS_RMTO'!M19 -> 1326.6952 | N19: ='Plastics CCUS_RMTP'!M19 -> 1379.7625 | O19: ='Plastics CCUS_ROCM'!M19 -> 1328.545 | P19: 5.3 | Q19: =$H$50/2.7*P19 -> 981.48148 | R19: =R18*(1-0.01) -> 1613.5901 | S19: ='Plastics CCUS_RMTO'!Q19 -> 1.3517272 | T19: ='Plastics CCUS_RMTP'!Q19 -> 1.4057957 | U19: ='Plastics CCUS_ROCM'!Q19 -> 1.3536118 | V19: =$E19*I$2/1000000 -> 3.999601 | W19: =$E19*J$2/1000000 -> 3.7364694 | X19: =$E19*K$2/1000000 -> 5.6310172 | Y19: =$E19*L$2/1000000 -> 0.3683843 | Z19: =$E19*M$2/1000000 -> 0.3683843 | AA19: =$E19*P$2/1000000 -> 0.73676861 | AB19: =$E19*R$2/1000000 -> 0.73676861 | AC19: =$E19*S$2/1000000 -> 0.73676861 | AD19: =$E19*V$2/1000000 -> 0.57888962 | AE19: =$E19*W$2/1000000 -> 3.683843 | AF19: =$E19*X$2/1000000 -> 1.8419215 | AG19: =$E19*Y$2/1000000 -> 0.8946476 | AH19: =$E19*Z$2/1000000 -> 9.5253656 | AI19: =$E19*AA$2/1000000 -> 6.4204122 | AJ19: =$E19*AB$2/1000000 -> 6.1046542 | AK19: =$E19*AC$2/1000000 -> 7.2624334 | AL19: =SUM(V19:AK19) -> 52.626329 | AM19: =$E19*AE$2 -> 2106558.8 | AN19: =$E19*AF$2/1000000 -> 59.657746 | AO19: =$E19*AG$2/(42*1000) -> 151.04467 | AP19: =$E19*AH$2/1000 -> 24.014171 | AQ19: =$E19*AI$2/1000000 -> 100.57209
A20: ='Texas pop'!A116 -> 2032 | B20: ='Texas pop'!B116 -> 33354318 | C20: ='Texas pop'!C116 -> 1815182.1 | D20: ='Texas pop'!D116 -> 1815182.1 | E20: ='Texas pop'!E116 -> 307696.11 | F20: =E20*$C$46*$D$45/1000000000 -> 4.2756556 | G20: =E20/1000*$D$41/0.9/1000 -> 177.35589 | H20: =E20*$D$41/1000 -> 159620.3 | I20: =H20/$D$42*$D$43 -> 35264.949 | J20: =$D$45*E20/1000 -> 59240.733 | K20: =J20-I19 -> 26887.568 | L20: =Q20 -> 1000 | M20: ='Plastics CCUS_RMTO'!M20 -> 1326.2879 | N20: ='Plastics CCUS_RMTP'!M20 -> 1380.4363 | O20: ='Plastics CCUS_ROCM'!M20 -> 1334.3516 | P20: 5.4 | Q20: =$H$50/2.7*P20 -> 1000 | R20: =R19*(1-0.01) -> 1597.4542 | S20: ='Plastics CCUS_RMTO'!Q20 -> 1.3262879 | T20: ='Plastics CCUS_RMTP'!Q20 -> 1.3804363 | U20: ='Plastics CCUS_ROCM'!Q20 -> 1.3343516 | V20: =$E20*I$2/1000000 -> 4.3595651 | W20: =$E20*J$2/1000000 -> 4.0727516 | X20: =$E20*K$2/1000000 -> 6.1378088 | Y20: =$E20*L$2/1000000 -> 0.40153889 | Z20: =$E20*M$2/1000000 -> 0.40153889 | AA20: =$E20*P$2/1000000 -> 0.80307778 | AB20: =$E20*R$2/1000000 -> 0.80307778 | AC20: =$E20*S$2/1000000 -> 0.80307778 | AD20: =$E20*V$2/1000000 -> 0.63098969 | AE20: =$E20*W$2/1000000 -> 4.0153889 | AF20: =$E20*X$2/1000000 -> 2.0076945 | AG20: =$E20*Y$2/1000000 -> 0.97516588 | AH20: =$E20*Z$2/1000000 -> 10.382648 | AI20: =$E20*AA$2/1000000 -> 6.9982492 | AJ20: =$E20*AB$2/1000000 -> 6.6540731 | AK20: =$E20*AC$2/1000000 -> 7.9160524 | AL20: =SUM(V20:AK20) -> 57.362699 | AM20: =$E20*AE$2 -> 2296149.1 | AN20: =$E20*AF$2/1000000 -> 65.026943 | AO20: =$E20*AG$2/(42*1000) -> 164.63869 | AP20: =$E20*AH$2/1000 -> 26.175447 | AQ20: =$E20*AI$2/1000000 -> 109.62358
A21: ='Texas pop'!A117 -> 2033 | B21: ='Texas pop'!B117 -> 33693251 | C21: ='Texas pop'!C117 -> 2122878.2 | D21: ='Texas pop'!D117 -> 2122878.2 | E21: ='Texas pop'!E117 -> 335388.76 | F21: =E21*$C$46*$D$45/1000000000 -> 4.6604646 | G21: =E21/1000*$D$41/0.9/1000 -> 193.31792 | H21: =E21*$D$41/1000 -> 173986.12 | I21: =H21/$D$42*$D$43 -> 38438.795 | J21: =$D$45*E21/1000 -> 64572.399 | K21: =J21-I20 -> 29307.449 | L21: =Q21 -> 996.2963 | M21: ='Plastics CCUS_RMTO'!M21 -> 1315.8827 | N21: ='Plastics CCUS_RMTP'!M21 -> 1369.8479 | O21: ='Plastics CCUS_ROCM'!M21 -> 1325.2508 | P21: 5.38 | Q21: =$H$50/2.7*P21 -> 996.2963 | R21: =R20*(1-0.01) -> 1581.4796 | S21: ='Plastics CCUS_RMTO'!Q21 -> 1.3207745 | T21: ='Plastics CCUS_RMTP'!Q21 -> 1.3749402 | U21: ='Plastics CCUS_ROCM'!Q21 -> 1.3301774 | V21: =$E21*I$2/1000000 -> 4.751926 | W21: =$E21*J$2/1000000 -> 4.4392993 | X21: =$E21*K$2/1000000 -> 6.6902116 | Y21: =$E21*L$2/1000000 -> 0.43767739 | Z21: =$E21*M$2/1000000 -> 0.43767739 | AA21: =$E21*P$2/1000000 -> 0.87535478 | AB21: =$E21*R$2/1000000 -> 0.87535478 | AC21: =$E21*S$2/1000000 -> 0.87535478 | AD21: =$E21*V$2/1000000 -> 0.68777876 | AE21: =$E21*W$2/1000000 -> 4.3767739 | AF21: =$E21*X$2/1000000 -> 2.188387 | AG21: =$E21*Y$2/1000000 -> 1.0629308 | AH21: =$E21*Z$2/1000000 -> 11.317087 | AI21: =$E21*AA$2/1000000 -> 7.6280917 | AJ21: =$E21*AB$2/1000000 -> 7.2529396 | AK21: =$E21*AC$2/1000000 -> 8.6284971 | AL21: =SUM(V21:AK21) -> 62.525342 | AM21: =$E21*AE$2 -> 2502802.5 | AN21: =$E21*AF$2/1000000 -> 70.879368 | AO21: =$E21*AG$2/(42*1000) -> 179.45617 | AP21: =$E21*AH$2/1000 -> 28.531237 | AQ21: =$E21*AI$2/1000000 -> 119.4897
A22: ='Texas pop'!A118 -> 2034 | B22: ='Texas pop'!B118 -> 34032183 | C22: ='Texas pop'!C118 -> 2458266.9 | D22: ='Texas pop'!D118 -> 2458266.9 | E22: ='Texas pop'!E118 -> 365573.75 | F22: =E22*$C$46*$D$45/1000000000 -> 5.0799064 | G22: =E22/1000*$D$41/0.9/1000 -> 210.71653 | H22: =E22*$D$41/1000 -> 189644.88 | I22: =H22/$D$42*$D$43 -> 41898.286 | J22: =$D$45*E22/1000 -> 70383.915 | K22: =J22-I21 -> 31945.12 | L22: =Q22 -> 985.18519 | M22: ='Plastics CCUS_RMTO'!M22 -> 1302.2028 | N22: ='Plastics CCUS_RMTP'!M22 -> 1355.563 | O22: ='Plastics CCUS_ROCM'!M22 -> 1311.2246 | P22: 5.32 | Q22: =$H$50/2.7*P22 -> 985.18519 | R22: =R21*(1-0.01) -> 1565.6648 | S22: ='Plastics CCUS_RMTO'!Q22 -> 1.3217848 | T22: ='Plastics CCUS_RMTP'!Q22 -> 1.3759474 | U22: ='Plastics CCUS_ROCM'!Q22 -> 1.3309423 | V22: =$E22*I$2/1000000 -> 5.1795993 | W22: =$E22*J$2/1000000 -> 4.8388362 | X22: =$E22*K$2/1000000 -> 7.2923306 | Y22: =$E22*L$2/1000000 -> 0.47706836 | Z22: =$E22*M$2/1000000 -> 0.47706836 | AA22: =$E22*P$2/1000000 -> 0.95413671 | AB22: =$E22*R$2/1000000 -> 0.95413671 | AC22: =$E22*S$2/1000000 -> 0.95413671 | AD22: =$E22*V$2/1000000 -> 0.74967885 | AE22: =$E22*W$2/1000000 -> 4.7706836 | AF22: =$E22*X$2/1000000 -> 2.3853418 | AG22: =$E22*Y$2/1000000 -> 1.1585946 | AH22: =$E22*Z$2/1000000 -> 12.335625 | AI22: =$E22*AA$2/1000000 -> 8.3146199 | AJ22: =$E22*AB$2/1000000 -> 7.9057042 | AK22: =$E22*AC$2/1000000 -> 9.4050619 | AL22: =SUM(V22:AK22) -> 68.152622 | AM22: =$E22*AE$2 -> 2728054.8 | AN22: =$E22*AF$2/1000000 -> 77.258511 | AO22: =$E22*AG$2/(42*1000) -> 195.60722 | AP22: =$E22*AH$2/1000 -> 31.099048 | AQ22: =$E22*AI$2/1000000 -> 130.24377
A23: ='Texas pop'!A119 -> 2035 | B23: ='Texas pop'!B119 -> 34371116 | C23: ='Texas pop'!C119 -> 2823840.7 | D23: ='Texas pop'!D119 -> 2823840.7 | E23: ='Texas pop'!E119 -> 398475.39 | F23: =E23*$C$46*$D$45/1000000000 -> 5.537098 | G23: =E23/1000*$D$41/0.9/1000 -> 229.68102 | H23: =E23*$D$41/1000 -> 206712.91 | I23: =H23/$D$42*$D$43 -> 45669.132 | J23: =$D$45*E23/1000 -> 76718.467 | K23: =J23-I22 -> 34820.18 | L23: =Q23 -> 994.44444 | M23: ='Plastics CCUS_RMTO'!M23 -> 1297.8547 | N23: ='Plastics CCUS_RMTP'!M23 -> 1351.7685 | O23: ='Plastics CCUS_ROCM'!M23 -> 1310.9902 | P23: 5.37 | Q23: =$H$50/2.7*P23 -> 994.44444 | R23: =R22*(1-0.01) -> 1550.0082 | S23: ='Plastics CCUS_RMTO'!Q23 -> 1.3051053 | T23: ='Plastics CCUS_RMTP'!Q23 -> 1.3593203 | U23: ='Plastics CCUS_ROCM'!Q23 -> 1.3183141 | V23: =$E23*I$2/1000000 -> 5.6457632 | W23: =$E23*J$2/1000000 -> 5.2743314 | X23: =$E23*K$2/1000000 -> 7.9486403 | Y23: =$E23*L$2/1000000 -> 0.52000451 | Z23: =$E23*M$2/1000000 -> 0.52000451 | AA23: =$E23*P$2/1000000 -> 1.040009 | AB23: =$E23*R$2/1000000 -> 1.040009 | AC23: =$E23*S$2/1000000 -> 1.040009 | AD23: =$E23*V$2/1000000 -> 0.81714994 | AE23: =$E23*W$2/1000000 -> 5.2000451 | AF23: =$E23*X$2/1000000 -> 2.6000225 | AG23: =$E23*Y$2/1000000 -> 1.2628681 | AH23: =$E23*Z$2/1000000 -> 13.445831 | AI23: =$E23*AA$2/1000000 -> 9.0629357 | AJ23: =$E23*AB$2/1000000 -> 8.6172176 | AK23: =$E23*AC$2/1000000 -> 10.251517 | AL23: =SUM(V23:AK23) -> 74.286358 | AM23: =$E23*AE$2 -> 2973579.7 | AN23: =$E23*AF$2/1000000 -> 84.211777 | AO23: =$E23*AG$2/(42*1000) -> 213.21187 | AP23: =$E23*AH$2/1000 -> 33.897963 | AQ23: =$E23*AI$2/1000000 -> 141.96571
A24: ='Texas pop'!A120 -> 2036 | B24: ='Texas pop'!B120 -> 34710049 | C24: ='Texas pop'!C120 -> 3222316.1 | D24: ='Texas pop'!D120 -> 3210416.1 | E24: ='Texas pop'!E120 -> 434338.18 | F24: =E24*$C$46*$D$45/1000000000 -> 6.0354368 | G24: =E24/1000*$D$41/0.9/1000 -> 250.35231 | H24: =E24*$D$41/1000 -> 225317.08 | I24: =H24/$D$42*$D$43 -> 49779.354 | J24: =$D$45*E24/1000 -> 83623.129 | K24: =J24-I23 -> 37953.997 | L24: =Q24 -> 962.96296 | M24: ='Plastics CCUS_RMTO'!M24 -> 1275.1011 | N24: ='Plastics CCUS_RMTP'!M24 -> 1327.2506 | O24: ='Plastics CCUS_ROCM'!M24 -> 1283.3678 | P24: 5.2 | Q24: =$H$50/2.7*P24 -> 962.96296 | R24: =R23*(1-0.01) -> 1534.5081 | S24: ='Plastics CCUS_RMTO'!Q24 -> 1.3241435 | T24: ='Plastics CCUS_RMTP'!Q24 -> 1.3782987 | U24: ='Plastics CCUS_ROCM'!Q24 -> 1.3327281 | V24: =$E24*I$2/1000000 -> 6.1538819 | W24: =$E24*J$2/1000000 -> 5.7490213 | X24: =$E24*K$2/1000000 -> 8.664018 | Y24: =$E24*L$2/1000000 -> 0.56680491 | Z24: =$E24*M$2/1000000 -> 0.56680491 | AA24: =$E24*P$2/1000000 -> 1.1336098 | AB24: =$E24*R$2/1000000 -> 1.1336098 | AC24: =$E24*S$2/1000000 -> 1.1336098 | AD24: =$E24*V$2/1000000 -> 0.89069344 | AE24: =$E24*W$2/1000000 -> 5.6680491 | AF24: =$E24*X$2/1000000 -> 2.8340246 | AG24: =$E24*Y$2/1000000 -> 1.3765262 | AH24: =$E24*Z$2/1000000 -> 14.655956 | AI24: =$E24*AA$2/1000000 -> 9.8785999 | AJ24: =$E24*AB$2/1000000 -> 9.3927672 | AK24: =$E24*AC$2/1000000 -> 11.174154 | AL24: =SUM(V24:AK24) -> 80.972131 | AM24: =$E24*AE$2 -> 3241201.9 | AN24: =$E24*AF$2/1000000 -> 91.790837 | AO24: =$E24*AG$2/(42*1000) -> 232.40094 | AP24: =$E24*AH$2/1000 -> 36.948779 | AQ24: =$E24*AI$2/1000000 -> 154.74262
... A38: ='Texas pop'!A134 -> 2050 | B38: ='Texas pop'!B134 -> 39455106 | C38: ='Texas pop'!C134 -> 12569590 | D38: ='Texas pop'!D134 -> 11045098 | E38: ='Texas pop'!E134 -> 907543.37 | F38: =E38*$C$46*$D$45/1000000000 -> 12.610958 | G38: =E38/1000*$D$41/0.9/1000 -> 523.10754 | H38: =E38*$D$41/1000 -> 470796.79 | I38: =H38/$D$42*$D$43 -> 104013.24 | J38: =$D$45*E38/1000 -> 174729.32 | K38: =J38-I37 -> 74716.59 | L38: =Q38 -> 1000 | M38: ='Plastics CCUS_RMTO'!M38 -> 1190.6606 | N38: ='Plastics CCUS_RMTP'!M38 -> 1247.8876 | O38: ='Plastics CCUS_ROCM'!M38 -> 1235.8653 | P38: 5.4 | Q38: =$H$50/2.7*P38 -> 1000 | R38: =R37*(1-0.01) -> 1333.0975 | S38: ='Plastics CCUS_RMTO'!Q38 -> 1.1906606 | T38: ='Plastics CCUS_RMTP'!Q38 -> 1.2478876 | U38: ='Plastics CCUS_ROCM'!Q38 -> 1.2358653 | V38: =$E38*I$2/1000000 -> 12.858448 | W38: =$E38*J$2/1000000 -> 12.012497 | X38: =$E38*K$2/1000000 -> 18.103341 | Y38: =$E38*L$2/1000000 -> 1.1843307 | Z38: =$E38*M$2/1000000 -> 1.1843307 | AA38: =$E38*P$2/1000000 -> 2.3686614 | AB38: =$E38*R$2/1000000 -> 2.3686614 | AC38: =$E38*S$2/1000000 -> 2.3686614 | AD38: =$E38*V$2/1000000 -> 1.8610911 | AE38: =$E38*W$2/1000000 -> 11.843307 | AF38: =$E38*X$2/1000000 -> 5.9216536 | AG38: =$E38*Y$2/1000000 -> 2.8762317 | AH38: =$E38*Z$2/1000000 -> 30.623408 | AI38: =$E38*AA$2/1000000 -> 20.641192 | AJ38: =$E38*AB$2/1000000 -> 19.626052 | AK38: =$E38*AC$2/1000000 -> 23.348234 | AL38: =SUM(V38:AK38) -> 169.1901 | AM38: =$E38*AE$2 -> 6772444.7 | AN38: =$E38*AF$2/1000000 -> 191.79563 | AO38: =$E38*AG$2/(42*1000) -> 485.59842 | AP38: =$E38*AH$2/1000 -> 77.203943 | AQ38: =$E38*AI$2/1000000 -> 323.33249
A39: ='Texas pop'!A135 -> 0 | B39: ='Texas pop'!B135 -> 0 | C39: ='Texas pop'!C135 -> 11036698 | D39: ='Texas pop'!D135 -> 12577990 | E39: ='Texas pop'!E135 -> 12569590 | F39: =E39*$C$46*$D$45/1000000000 -> 174.66336 | G39: =E39/1000*$D$41/0.9/1000 -> 7245.1055 | J39: =$E39*I$2 -> 1.7809113e+08 | K39: =$E39*J$2 -> 1.663746e+08 | M39: =$E39*K$2 -> 2.5073356e+08 | N39: =$E39*L$2 -> 16403130 | O39: =$E39*M$2 -> 16403130 | Q39: =$E39*P$2 -> 32806260 | R39: =$E39*R$2 -> 32806260 | S39: =$E39*S$2 -> 32806260 | V39: =$E39*V$2 -> 25776347 | W39: =$E39*W$2 -> 1.640313e+08 | X39: =$E39*X$2 -> 82015650 | Y39: =$E39*Y$2 -> 39836173 | Z39: =$E39*Z$2 -> 4.2413807e+08 | AA39: =$E39*AA$2 -> 2.8588312e+08 | AB39: =$E39*AB$2 -> 2.718233e+08 | AC39: =$E39*AC$2 -> 3.2337599e+08
A40: ='Texas pop'!A136 -> 0 | B40: ='Texas pop'!B136 -> 13427775 | C40: ='Texas pop'!C136 -> 0 | D40: ='Texas pop'!D136 -> 0 | E40: ='Texas pop'!E136 -> 0 | K40: https://www.eia.gov/dnav/ng/hist/n3035tx3m.htm
B41: 2029 | C41: Emissions (kg/car) | D41: =576.3995*0.9 -> 518.75955 | E41: =E17*D41/1000 -> 115818.29 | K41: https://www.naturalgasintel.com/natural-gas-to-become-worlds-primary-fossil-fuel-by-2050-says-gas-exporting-countries-forum/
C42: ROCM | D42: 4.3 | E42: =E41/7.2 -> 16085.873 | F42: TONS OF ETHYLENE
C43: YIELD | D43: 0.95 | E43: =E42*D43 -> 15281.579 | F43: TONS OF POLYETHYLENE | I43: Table 7. Average Value of Plastics & Polymer Composites ($/vehicle)
B44: KG OF PE/CAR | D44: 8.09 | E44: =E17*D44/1000 -> 1806.1738 | F44: TONS IN 2029 REQ FOR PE | I44: 2021 | J44: 710 | K44: https://plasticmakers.org/wp-content/uploads/2023/02/Chemistry-and-Automobiles-March-2023.pdf
B45: KG OF PLASTIC/CAR | D45: 192.53 | E45: =D45*E18/1000 -> 49861.74 | F45: TONS IN 2029 REQ GENERAL | J45: =J51*J44 -> 1054.7407 | L45: 45717
A46: GREET | B46: Total MJ/kg plastic | C46: 72.174252 | I46: RANGES $15,000 to $25,000 USD | L46: =L45-J44+J45 -> 46061.741 | M46: =L46/L45-1 -> 0.0075407558 | N46: INCREMENT OF 2.84% IN THE CAR PRICE (25000)
D47: IF WHOLE CAR WAS PE, TONS REQ | N47: https://www.wfaa.com/article/money/business/right-on-the-money/as-auto-prices-soar-across-check-your-auto-insurance/287-db5a20d6-5bd7-45c4-a870-d48c8491a352#:~:text=As%20auto%20prices%20soar%20across,costs%20almost%20%2430%2C000%20(%2429%2C969%20).
D48: FROM 2029 I CAN PRODUCE | F48: BY 2030 I NEED | H48: FROM NG I NEED | J48: FINAL PRICE/ TON PLASTIC (NO EMISSIONS)
D49: =E43 -> 15281.579 | F49: =E45 -> 49861.74 | H49: =F49-D49 -> 34580.16
B50: PRICES PER TON | D50: 1764.5099 | H50: 500 | J50: =D49/$F$49*D50+H49/$F$49*H50 -> 887.54581
J51: ='Plastics CCUS_ROCM'!Q13 -> 1.4855503
E52: Technology | F52: Initial cost/BAU (2025) | G52: Initial cost USD/ton (2025) | H52: Impact in car cost | I52: Final cost/BAU (2050) | J52: Final cost USD/ton (2050) | K52: 2.0632836 | L52: 100% CCUS (90% YIELD)
E53: RMTO | F53: ='Plastics CCUS_RMTO'!Q13 -> 1.5329537 | G53: ='Plastics CCUS_ROCM'!M13 -> 1248.9627 | H53: ='Plastics CCUS_RMTO'!M46 -> 0.0082769459 | I53: ='Plastics CCUS_RMTO'!Q38 -> 1.1906606 | J53: ='Plastics CCUS_RMTO'!M38 -> 1190.6606 | K53: 1.8506269 | L53: 80% CCUS (90% YIELD)
E54: RMTP | F54: ='Plastics CCUS_RMTP'!Q13 -> 1.5831236 | G54: ='Plastics CCUS_RMTP'!M13 -> 1330.9965 | H54: ='Plastics CCUS_RMTP'!M46 -> 0.0090561013 | I54: ='Plastics CCUS_RMTP'!Q38 -> 1.2478876 | J54: ='Plastics CCUS_RMTP'!M38 -> 1247.8876 | K54: 1.6379702 | L54: 60% CCUS (90% YIELD)
E55: ROCM | F55: ='Plastics CCUS_ROCM'!Q13 -> 1.4855503 | G55: ='Plastics CCUS_ROCM'!M13 -> 1248.9627 | H55: ='Plastics CCUS_ROCM'!M46 -> 0.0075407558 | I55: ='Plastics CCUS_ROCM'!Q38 -> 1.2358653 | J55: ='Plastics CCUS_ROCM'!M38 -> 1235.8653 | K55: 1.4253135 | L55: 40% CCUS (90% YIELD)
K56: 1.2126567 | L56: 40% CCUS (90% YIELD)
K57: 1 | L57: 0% CCUS (90% YIELD)
A58: Currently operational facilities fitted with CCUS can capture around 90%﻿ of the CO2 present in flue gas. It is technologically possible to achieve higher capture rates, and research is ongoing to reduce the costs of doing so.
A59: https://www.lse.ac.uk/granthaminstitute/explainers/what-is-carbon-capture-and-storage-and-what-role-can-it-play-in-tackling-climate-change/#:~:text=Currently%20operational%20facilities%20fitted%20with,the%20costs%20of%20doing%20so.

Sheet Plastics CCUS_RMTO
W1: Natural gas thousand cu ft/car | X1: Natural gas Million (m3)/car | Y1: Crude oil gal/car | Z1: Crude oil Thousands (m3)/car | AA1: Electricity kWh/car | AC1: ng mass
E2: Value/car | I2: 14.168411 | J2: 13.236279 | K2: 19.947632 | L2: 1.3049853 | M2: 1.3049853 | N2: 2.6099705 | P2: 2.6099705 | Q2: 2.6099705 | R2: 2.0506911 | S2: 13.049853 | T2: 6.5249263 | U2: 3.1692499 | V2: 33.74319 | W2: 22.744029 | X2: 21.62547 | Y2: 25.726852 | AA2: 7.4623924 | AB2: =28.32*7.46239236299982 -> 211.33495 | AC2: 22.472903 | AD2: =0.00378541*22.4729025711425 -> 0.08506915 | AE2: 356.27222 | AG2: 2636.4 | AH2: 50000
A3: ='Texas pop'!A99 -> Year | B3: ='Texas pop'!B99 -> Population | C3: ='Texas pop'!C99 -> EVs | D3: ='Texas pop'!D99 -> EVs w retirement | E3: ='Texas pop'!E99 -> Sales Difference/New cars | F3: ENERGY REQUIRED [PJ] | G3: TONS OF CO2 EMITTED | H3: TONS OF CO2 CAPTURED | I3: TONS OF PE PRODUCED THROGH CCUS | J3: "TONS REQ" | K3: DELTA (NG NEEDED) | L3: FINAL PRICE/ TON PLASTIC CONVENTIONAL | M3: FINAL PRICE/ TON PLASTIC NO EMISSIONS | N3: JANUARY NG PRICE BASED (USD/THOUSAND CU FT) | O3: NG PRICE/TON PLASTIC | P3: CCUS PRICE | Q3: RATIO COST NO EMI/EM | R3: ABS | S3: EPDM | T3: LER | U3: GPPS | V3: HIPS | W3: HDPE | X3: LDPE | Y3: LLDPE | Z3: Nylon 6 | AA3: Nylon 66 | AB3: PC | AC3: PET | AD3: PP | AE3: FPUR foam | AF3: RPUR foam | AG3: PVC | AH3: Total | AI3: NG | AJ3: NG | AK3: Crude oil | AM3: Electricity | AO3: =AP3*AG2/AH2 -> 393.47702 | AP3: =7.46239236299982*1000 -> 7462.3924
A4: ='Texas pop'!A100 -> 2016 | B4: ='Texas pop'!B100 -> 27914064 | C4: ='Texas pop'!C100 -> 11900 | D4: ='Texas pop'!D100 -> 11900 | E4: ='Texas pop'!E100 -> 4200 | F4: =E4*$C$46*$D$45/1000000000 -> 0.058361977 | G4: =E4/1000*$D$41/0.9/1000 -> 2.4208779 | H4: 0 | I4: =H4/$D$42*$D$43 -> 0 | J4: =$D$45*E4/1000 -> 808.626 | L4: =O4 -> 453.7037 | M4: =O4 -> 453.7037 | N4: 2.45 | O4: =$H$50/2.7*N4 -> 453.7037 | P4: =P5/D43 -> 1955.1356 | Q4: =M4/L4 -> 1 | R4: =$E4*I$2/1000000 -> 0.059507328 | S4: =$E4*J$2/1000000 -> 0.055592372 | T4: =$E4*K$2/1000000 -> 0.083780053 | U4: =$E4*L$2/1000000 -> 0.0054809381 | V4: =$E4*M$2/1000000 -> 0.0054809381 | W4: =$E4*N$2/1000000 -> 0.010961876 | X4: =$E4*P$2/1000000 -> 0.010961876 | Y4: =$E4*Q$2/1000000 -> 0.010961876 | Z4: =$E4*R$2/1000000 -> 0.0086129027 | AA4: =$E4*S$2/1000000 -> 0.054809381 | AB4: =$E4*T$2/1000000 -> 0.02740469 | AC4: =$E4*U$2/1000000 -> 0.01331085 | AD4: =$E4*V$2/1000000 -> 0.1417214 | AE4: =$E4*W$2/1000000 -> 0.095524921 | ... AG4: =$E4*Y$2/1000000 -> 0.10805278 | AH4: =SUM(R4:AG4) -> 0.78299115 | AI4: =$E4*AA$2 -> 31342.048 | AJ4: =$E4*AB$2/1000000 -> 0.8876068 | AK4: =$E4*AC$2/(42*1000) -> 2.2472903 | AL4: =$E4*AD$2/1000 -> 0.35729043 | AM4: =$E4*AE$2/1000000 -> 1.4963433 | AO4: =AO3*AP5 -> 178.47803 | AP4: kgs
A5: ='Texas pop'!A101 -> 2017 | B5: ='Texas pop'!B101 -> 28291024 | C5: ='Texas pop'!C101 -> 16100 | D5: ='Texas pop'!D101 -> 16100 | E5: ='Texas pop'!E101 -> 8400 | F5: =E5*$C$46*$D$45/1000000000 -> 0.11672395 | G5: =E5/1000*$D$41/0.9/1000 -> 4.8417558 | H5: 0 | I5: =H5/$D$42*$D$43 -> 0 | J5: =$D$45*E5/1000 -> 1617.252 | K5: =J5-I4 -> 1617.252 | L5: =O5 -> 711.11111 | M5: =O5 -> 711.11111 | N5: 3.84 | O5: =$H$50/2.7*N5 -> 711.11111 | P5: =D50/D43 -> 1857.3788 | Q5: =M5/L5 -> 1 | R5: =$E5*I$2/1000000 -> 0.11901466 | S5: =$E5*J$2/1000000 -> 0.11118474 | T5: =$E5*K$2/1000000 -> 0.16756011 | U5: =$E5*L$2/1000000 -> 0.010961876 | V5: =$E5*M$2/1000000 -> 0.010961876 | W5: =$E5*N$2/1000000 -> 0.021923752 | X5: =$E5*P$2/1000000 -> 0.021923752 | Y5: =$E5*Q$2/1000000 -> 0.021923752 | Z5: =$E5*R$2/1000000 -> 0.017225805 | AA5: =$E5*S$2/1000000 -> 0.10961876 | AB5: =$E5*T$2/1000000 -> 0.054809381 | AC5: =$E5*U$2/1000000 -> 0.026621699 | AD5: =$E5*V$2/1000000 -> 0.2834428 | AE5: =$E5*W$2/1000000 -> 0.19104984 | ... AG5: =$E5*Y$2/1000000 -> 0.21610556 | AH5: =SUM(R5:AG5) -> 1.5659823 | AI5: =$E5*AA$2 -> 62684.096 | AJ5: =$E5*AB$2/1000000 -> 1.7752136 | AK5: =$E5*AC$2/(42*1000) -> 4.4945805 | AL5: =$E5*AD$2/1000 -> 0.71458086 | AM5: =$E5*AE$2/1000000 -> 2.9926866 | AO5: lbs to kg | AP5: 0.453592
A6: ='Texas pop'!A102 -> 2018 | B6: ='Texas pop'!B102 -> 28624564 | C6: ='Texas pop'!C102 -> 24500 | D6: ='Texas pop'!D102 -> 24500 | E6: ='Texas pop'!E102 -> 13900 | F6: =E6*$C$46*$D$45/1000000000 -> 0.19315035 | G6: =E6/1000*$D$41/0.9/1000 -> 8.0119531 | H6: 0 | I6: =H6/$D$42*$D$43 -> 0 | J6: =$D$45*E6/1000 -> 2676.167 | K6: =J6-I5 -> 2676.167 | L6: =O6 -> 620.37037 | M6: =O6 -> 620.37037 | N6: 3.35 | O6: =$H$50/2.7*N6 -> 620.37037 | P6: =P5*(1-0.01) -> 1838.805 | Q6: =M6/L6 -> 1 | R6: =$E6*I$2/1000000 -> 0.19694092 | S6: =$E6*J$2/1000000 -> 0.18398428 | T6: =$E6*K$2/1000000 -> 0.27727208 | U6: =$E6*L$2/1000000 -> 0.018139295 | V6: =$E6*M$2/1000000 -> 0.018139295 | W6: =$E6*N$2/1000000 -> 0.03627859 | X6: =$E6*P$2/1000000 -> 0.03627859 | Y6: =$E6*Q$2/1000000 -> 0.03627859 | Z6: =$E6*R$2/1000000 -> 0.028504607 | AA6: =$E6*S$2/1000000 -> 0.18139295 | AB6: =$E6*T$2/1000000 -> 0.090696475 | AC6: =$E6*U$2/1000000 -> 0.044052574 | AD6: =$E6*V$2/1000000 -> 0.46903034 | AE6: =$E6*W$2/1000000 -> 0.316142 | ... AG6: =$E6*Y$2/1000000 -> 0.35760325 | AH6: =SUM(R6:AG6) -> 2.5913279 | AI6: =$E6*AA$2 -> 103727.25 | AJ6: =$E6*AB$2/1000000 -> 2.9375558 | AK6: =$E6*AC$2/(42*1000) -> 7.4374606 | AL6: =$E6*AD$2/1000 -> 1.1824612 | AM6: =$E6*AE$2/1000000 -> 4.9521838
A7: ='Texas pop'!A103 -> 2019 | B7: ='Texas pop'!B103 -> 28986794 | C7: ='Texas pop'!C103 -> 38400 | D7: ='Texas pop'!D103 -> 38400 | E7: ='Texas pop'!E103 -> 13800 | F7: =E7*$C$46*$D$45/1000000000 -> 0.19176078 | G7: =E7/1000*$D$41/0.9/1000 -> 7.9543131 | H7: 0 | I7: =H7/$D$42*$D$43 -> 0 | J7: =$D$45*E7/1000 -> 2656.914 | K7: =J7-I6 -> 2656.914 | L7: =O7 -> 725.92593 | M7: =O7 -> 725.92593 | N7: 3.92 | O7: =$H$50/2.7*N7 -> 725.92593 | P7: =P6*(1-0.01) -> 1820.417 | Q7: =M7/L7 -> 1 | R7: =$E7*I$2/1000000 -> 0.19552408 | S7: =$E7*J$2/1000000 -> 0.18266065 | T7: =$E7*K$2/1000000 -> 0.27527732 | U7: =$E7*L$2/1000000 -> 0.018008797 | V7: =$E7*M$2/1000000 -> 0.018008797 | W7: =$E7*N$2/1000000 -> 0.036017593 | X7: =$E7*P$2/1000000 -> 0.036017593 | Y7: =$E7*Q$2/1000000 -> 0.036017593 | Z7: =$E7*R$2/1000000 -> 0.028299537 | AA7: =$E7*S$2/1000000 -> 0.18008797 | AB7: =$E7*T$2/1000000 -> 0.090043983 | AC7: =$E7*U$2/1000000 -> 0.043735649 | AD7: =$E7*V$2/1000000 -> 0.46565602 | AE7: =$E7*W$2/1000000 -> 0.3138676 | ... AG7: =$E7*Y$2/1000000 -> 0.35503056 | AH7: =SUM(R7:AG7) -> 2.5726852 | AI7: =$E7*AA$2 -> 102981.01 | AJ7: =$E7*AB$2/1000000 -> 2.9164223 | AK7: =$E7*AC$2/(42*1000) -> 7.3839537 | AL7: =$E7*AD$2/1000 -> 1.1739543 | AM7: =$E7*AE$2/1000000 -> 4.9165566 | AO7: oil mass
A8: ='Texas pop'!A104 -> 2020 | B8: ='Texas pop'!B104 -> 29232474 | C8: ='Texas pop'!C104 -> 52200 | D8: ='Texas pop'!D104 -> 52200 | E8: ='Texas pop'!E104 -> 28700 | F8: =E8*$C$46*$D$45/1000000000 -> 0.39880684 | G8: =E8/1000*$D$41/0.9/1000 -> 16.542666 | H8: 0 | I8: =H8/$D$42*$D$43 -> 0 | J8: =$D$45*E8/1000 -> 5525.611 | K8: =J8-I7 -> 5525.611 | L8: =O8 -> 429.62963 | M8: =O8 -> 429.62963 | N8: 2.32 | O8: =$H$50/2.7*N8 -> 429.62963 | P8: =P7*(1-0.01) -> 1802.2128 | Q8: =M8/L8 -> 1 | R8: =$E8*I$2/1000000 -> 0.40663341 | S8: =$E8*J$2/1000000 -> 0.37988121 | T8: =$E8*K$2/1000000 -> 0.57249703 | U8: =$E8*L$2/1000000 -> 0.037453077 | V8: =$E8*M$2/1000000 -> 0.037453077 | W8: =$E8*N$2/1000000 -> 0.074906154 | X8: =$E8*P$2/1000000 -> 0.074906154 | Y8: =$E8*Q$2/1000000 -> 0.074906154 | Z8: =$E8*R$2/1000000 -> 0.058854835 | AA8: =$E8*S$2/1000000 -> 0.37453077 | AB8: =$E8*T$2/1000000 -> 0.18726538 | AC8: =$E8*U$2/1000000 -> 0.090957472 | AD8: =$E8*V$2/1000000 -> 0.96842956 | AE8: =$E8*W$2/1000000 -> 0.65275362 | ... AG8: =$E8*Y$2/1000000 -> 0.73836066 | AH8: =SUM(R8:AG8) -> 5.3504395 | AI8: =$E8*AA$2 -> 214170.66 | AJ8: =$E8*AB$2/1000000 -> 6.0653131 | AK8: =$E8*AC$2/(42*1000) -> 15.356483 | AL8: =$E8*AD$2/1000 -> 2.4414846 | AM8: =$E8*AE$2/1000000 -> 10.225013 | AO8: 7.2 | AP8: =AO8*AC2 -> 161.8049
A9: ='Texas pop'!A105 -> 2021 | B9: ='Texas pop'!B105 -> 29558864 | C9: ='Texas pop'!C105 -> 80900 | D9: ='Texas pop'!D105 -> 80900 | E9: ='Texas pop'!E105 -> 68100 | F9: =E9*$C$46*$D$45/1000000000 -> 0.94629776 | G9: =E9/1000*$D$41/0.9/1000 -> 39.252806 | H9: 0 | I9: =H9/$D$42*$D$43 -> 0 | J9: =$D$45*E9/1000 -> 13111.293 | K9: =J9-I8 -> 13111.293 | L9: =O9 -> 511.11111 | M9: =O9 -> 511.11111 | N9: 2.76 | O9: =$H$50/2.7*N9 -> 511.11111 | P9: =P8*(1-0.01) -> 1784.1907 | Q9: =M9/L9 -> 1 | R9: =$E9*I$2/1000000 -> 0.96486881 | S9: =$E9*J$2/1000000 -> 0.9013906 | T9: =$E9*K$2/1000000 -> 1.3584337 | U9: =$E9*L$2/1000000 -> 0.088869496 | V9: =$E9*M$2/1000000 -> 0.088869496 | W9: =$E9*N$2/1000000 -> 0.17773899 | X9: =$E9*P$2/1000000 -> 0.17773899 | Y9: =$E9*Q$2/1000000 -> 0.17773899 | Z9: =$E9*R$2/1000000 -> 0.13965206 | AA9: =$E9*S$2/1000000 -> 0.88869496 | AB9: =$E9*T$2/1000000 -> 0.44434748 | AC9: =$E9*U$2/1000000 -> 0.21582592 | AD9: =$E9*V$2/1000000 -> 2.2979113 | AE9: =$E9*W$2/1000000 -> 1.5488684 | ... AG9: =$E9*Y$2/1000000 -> 1.7519986 | AH9: =SUM(R9:AG9) -> 12.695642 | AI9: =$E9*AA$2 -> 508188.92 | AJ9: =$E9*AB$2/1000000 -> 14.39191 | AK9: =$E9*AC$2/(42*1000) -> 36.438206 | AL9: =$E9*AD$2/1000 -> 5.7932091 | AM9: =$E9*AE$2/1000000 -> 24.262138 | AO9: kgs | AP9: =AP5*AP8 -> 73.393408
A10: ='Texas pop'!A106 -> 2022 | B10: ='Texas pop'!B106 -> 30029572 | C10: ='Texas pop'!C106 -> 149000 | D10: ='Texas pop'!D106 -> 149000 | E10: ='Texas pop'!E106 -> 78996 | F10: =E10*$C$46*$D$45/1000000000 -> 1.0977054 | G10: =E10/1000*$D$41/0.9/1000 -> 45.533255 | H10: 0 | I10: =H10/$D$42*$D$43 -> 0 | J10: =$D$45*E10/1000 -> 15209.1 | K10: =J10-I9 -> 15209.1 | L10: =O10 -> 901.85185 | M10: =O10 -> 901.85185 | N10: 4.87 | O10: =$H$50/2.7*N10 -> 901.85185 | P10: =P9*(1-0.01) -> 1766.3488 | Q10: =M10/L10 -> 1 | R10: =$E10*I$2/1000000 -> 1.1192478 | S10: =$E10*J$2/1000000 -> 1.0456131 | T10: =$E10*K$2/1000000 -> 1.5757831 | U10: =$E10*L$2/1000000 -> 0.10308862 | V10: =$E10*M$2/1000000 -> 0.10308862 | W10: =$E10*N$2/1000000 -> 0.20617723 | X10: =$E10*P$2/1000000 -> 0.20617723 | Y10: =$E10*Q$2/1000000 -> 0.20617723 | Z10: =$E10*R$2/1000000 -> 0.1619964 | AA10: =$E10*S$2/1000000 -> 1.0308862 | AB10: =$E10*T$2/1000000 -> 0.51544308 | AC10: =$E10*U$2/1000000 -> 0.25035807 | AD10: =$E10*V$2/1000000 -> 2.6655771 | AE10: =$E10*W$2/1000000 -> 1.7966873 | ... AG10: =$E10*Y$2/1000000 -> 2.0323184 | AH10: =SUM(R10:AG10) -> 14.726945 | AI10: =$E10*AA$2 -> 589499.15 | AJ10: =$E10*AB$2/1000000 -> 16.694616 | AK10: =$E10*AC$2/(42*1000) -> 42.268319 | AL10: =$E10*AD$2/1000 -> 6.7201226 | AM10: =$E10*AE$2/1000000 -> 28.14408 | AO10: kgs | AP10: =AO4+AP9 -> 251.87144
A11: ='Texas pop'!A107 -> 2023 | B11: ='Texas pop'!B107 -> 30303924 | C11: ='Texas pop'!C107 -> 227996 | D11: ='Texas pop'!D107 -> 227996 | E11: ='Texas pop'!E107 -> 91635.36 | F11: =E11*$C$46*$D$45/1000000000 -> 1.2733383 | G11: =E11/1000*$D$41/0.9/1000 -> 52.818576 | H11: 0 | I11: =H11/$D$42*$D$43 -> 0 | J11: =$D$45*E11/1000 -> 17642.556 | K11: =J11-I10 -> 17642.556 | L11: =O11 -> 831.48148 | M11: =O11 -> 831.48148 | N11: 4.49 | O11: =$H$50/2.7*N11 -> 831.48148 | P11: =P10*(1-0.01) -> 1748.6853 | Q11: =M11/L11 -> 1 | R11: =$E11*I$2/1000000 -> 1.2983275 | S11: =$E11*J$2/1000000 -> 1.2129112 | T11: =$E11*K$2/1000000 -> 1.8279084 | U11: =$E11*L$2/1000000 -> 0.11958279 | V11: =$E11*M$2/1000000 -> 0.11958279 | W11: =$E11*N$2/1000000 -> 0.23916559 | X11: =$E11*P$2/1000000 -> 0.23916559 | Y11: =$E11*Q$2/1000000 -> 0.23916559 | Z11: =$E11*R$2/1000000 -> 0.18791582 | AA11: =$E11*S$2/1000000 -> 1.1958279 | AB11: =$E11*T$2/1000000 -> 0.59791397 | AC11: =$E11*U$2/1000000 -> 0.29041536 | AD11: =$E11*V$2/1000000 -> 3.0920694 | AE11: =$E11*W$2/1000000 -> 2.0841573 | ... AG11: =$E11*Y$2/1000000 -> 2.3574894 | AH11: =SUM(R11:AG11) -> 17.083256 | AI11: =$E11*AA$2 -> 683819.01 | AJ11: =$E11*AB$2/1000000 -> 19.365754 | AK11: =$E11*AC$2/(42*1000) -> 49.03125 | AL11: =$E11*AD$2/1000 -> 7.7953422 | AM11: =$E11*AE$2/1000000 -> 32.647133 | AO11: final | AP11: 186.43
A12: ='Texas pop'!A108 -> 2024 | B12: ='Texas pop'!B108 -> 30642857 | C12: ='Texas pop'!C108 -> 319631.36 | D12: ='Texas pop'!D108 -> 319631.36 | E12: ='Texas pop'!E108 -> 106297.02 | F12: =E12*$C$46*$D$45/1000000000 -> 1.4770724 | G12: =E12/1000*$D$41/0.9/1000 -> 61.269548 | H12: =E12*$D$41/1000 -> 55142.593 | I12: =H12/$D$42*$D$43 -> 12182.666 | J12: =$D$45*E12/1000 -> 20465.365 | K12: =J12-I11 -> 20465.365 | L12: =O12 -> 833.33333 | M12: =I11/J12*P12+K12/J12*O12 -> 833.33333 | N12: 4.5 | O12: =$H$50/2.7*N12 -> 833.33333 | P12: =P11*(1-0.01) -> 1731.1984 | Q12: =M12/L12 -> 1 | R12: =$E12*I$2/1000000 -> 1.5060599 | S12: =$E12*J$2/1000000 -> 1.406977 | T12: =$E12*K$2/1000000 -> 2.1203738 | U12: =$E12*L$2/1000000 -> 0.13871604 | V12: =$E12*M$2/1000000 -> 0.13871604 | W12: =$E12*N$2/1000000 -> 0.27743208 | X12: =$E12*P$2/1000000 -> 0.27743208 | Y12: =$E12*Q$2/1000000 -> 0.27743208 | Z12: =$E12*R$2/1000000 -> 0.21798235 | AA12: =$E12*S$2/1000000 -> 1.3871604 | AB12: =$E12*T$2/1000000 -> 0.6935802 | AC12: =$E12*U$2/1000000 -> 0.33688181 | AD12: =$E12*V$2/1000000 -> 3.5868005 | AE12: =$E12*W$2/1000000 -> 2.4176224 | ... AG12: =$E12*Y$2/1000000 -> 2.7346877 | AH12: =SUM(R12:AG12) -> 19.816577 | AI12: =$E12*AA$2 -> 793230.05 | AJ12: =$E12*AB$2/1000000 -> 22.464275 | AK12: =$E12*AC$2/(42*1000) -> 56.87625 | AL12: =$E12*AD$2/1000 -> 9.0425969 | AM12: =$E12*AE$2/1000000 -> 37.870674 | AO12: Mass req/kg output | AP12: =AP10/AP11 -> 1.3510242
A13: ='Texas pop'!A109 -> 2025 | B13: ='Texas pop'!B109 -> 30981790 | C13: ='Texas pop'!C109 -> 425928.38 | D13: ='Texas pop'!D109 -> 425928.38 | E13: ='Texas pop'!E109 -> 123304.54 | F13: =E13*$C$46*$D$45/1000000000 -> 1.713404 | G13: =E13/1000*$D$41/0.9/1000 -> 71.072675 | H13: =E13*$D$41/1000 -> 63965.408 | I13: =H13/$D$42*$D$43 -> 14131.892 | J13: =$D$45*E13/1000 -> 23739.823 | K13: =J13-I12 -> 11557.157 | L13: =O13 -> 840.74074 | M13: =I12/J13*P13+K13/J13*O13 -> 1288.8166 | N13: 4.54 | O13: =$H$50/2.7*N13 -> 840.74074 | P13: =P12*(1-0.01) -> 1713.8865 | Q13: =M13/L13 -> 1.5329537 | R13: =$E13*I$2/1000000 -> 1.7470294 | S13: =$E13*J$2/1000000 -> 1.6320933 | T13: =$E13*K$2/1000000 -> 2.4596336 | U13: =$E13*L$2/1000000 -> 0.16091061 | V13: =$E13*M$2/1000000 -> 0.16091061 | W13: =$E13*N$2/1000000 -> 0.32182121 | X13: =$E13*P$2/1000000 -> 0.32182121 | Y13: =$E13*Q$2/1000000 -> 0.32182121 | Z13: =$E13*R$2/1000000 -> 0.25285953 | AA13: =$E13*S$2/1000000 -> 1.6091061 | AB13: =$E13*T$2/1000000 -> 0.80455304 | AC13: =$E13*U$2/1000000 -> 0.3907829 | AD13: =$E13*V$2/1000000 -> 4.1606886 | AE13: =$E13*W$2/1000000 -> 2.804442 | ... AG13: =$E13*Y$2/1000000 -> 3.1722377 | AH13: =SUM(R13:AG13) -> 22.98723 | AI13: =$E13*AA$2 -> 920146.86 | AJ13: =$E13*AB$2/1000000 -> 26.058559 | AK13: =$E13*AC$2/(42*1000) -> 65.976451 | AL13: =$E13*AD$2/1000 -> 10.489412 | AM13: =$E13*AE$2/1000000 -> 43.929982
A14: ='Texas pop'!A110 -> 2026 | B14: ='Texas pop'!B110 -> 31320722 | C14: ='Texas pop'!C110 -> 549232.92 | D14: ='Texas pop'!D110 -> 549232.92 | E14: ='Texas pop'!E110 -> 143033.27 | F14: =E14*$C$46*$D$45/1000000000 -> 1.9875486 | G14: =E14/1000*$D$41/0.9/1000 -> 82.444304 | H14: =E14*$D$41/1000 -> 74199.873 | I14: =H14/$D$42*$D$43 -> 16392.995 | J14: =$D$45*E14/1000 -> 27538.195 | K14: =J14-I13 -> 13406.302 | L14: =O14 -> 848.14815 | M14: =I13/J14*P14+K14/J14*O14 -> 1283.6275 | N14: 4.58 | O14: =$H$50/2.7*N14 -> 848.14815 | P14: =P13*(1-0.01) -> 1696.7476 | Q14: =M14/L14 -> 1.5134473 | R14: =$E14*I$2/1000000 -> 2.0265542 | S14: =$E14*J$2/1000000 -> 1.8932282 | T14: =$E14*K$2/1000000 -> 2.8531749 | U14: =$E14*L$2/1000000 -> 0.1866563 | V14: =$E14*M$2/1000000 -> 0.1866563 | W14: =$E14*N$2/1000000 -> 0.37331261 | X14: =$E14*P$2/1000000 -> 0.37331261 | Y14: =$E14*Q$2/1000000 -> 0.37331261 | Z14: =$E14*R$2/1000000 -> 0.29331705 | AA14: =$E14*S$2/1000000 -> 1.866563 | AB14: =$E14*T$2/1000000 -> 0.93328152 | AC14: =$E14*U$2/1000000 -> 0.45330817 | AD14: =$E14*V$2/1000000 -> 4.8263987 | AE14: =$E14*W$2/1000000 -> 3.2531527 | ... AG14: =$E14*Y$2/1000000 -> 3.6797957 | AH14: =SUM(R14:AG14) -> 26.665186 | AI14: =$E14*AA$2 -> 1067370.4 | AJ14: =$E14*AB$2/1000000 -> 30.227929 | AK14: =$E14*AC$2/(42*1000) -> 76.532683 | AL14: =$E14*AD$2/1000 -> 12.167718 | AM14: =$E14*AE$2/1000000 -> 50.958779
A15: ='Texas pop'!A111 -> 2027 | B15: ='Texas pop'!B111 -> 31659655 | C15: ='Texas pop'!C111 -> 692266.18 | D15: ='Texas pop'!D111 -> 692266.18 | E15: ='Texas pop'!E111 -> 165918.59 | F15: =E15*$C$46*$D$45/1000000000 -> 2.3055564 | G15: =E15/1000*$D$41/0.9/1000 -> 95.635392 | H15: =E15*$D$41/1000 -> 86071.853 | I15: =H15/$D$42*$D$43 -> 19015.874 | J15: =$D$45*E15/1000 -> 31944.306 | K15: =J15-I14 -> 15551.311 | L15: =O15 -> 888.88889 | M15: =I14/J15*P15+K15/J15*O15 -> 1294.7539 | N15: 4.8 | O15: =$H$50/2.7*N15 -> 888.88889 | P15: =P14*(1-0.01) -> 1679.7801 | Q15: =M15/L15 -> 1.4565981 | R15: =$E15*I$2/1000000 -> 2.3508028 | S15: =$E15*J$2/1000000 -> 2.1961447 | T15: =$E15*K$2/1000000 -> 3.3096829 | U15: =$E15*L$2/1000000 -> 0.21652131 | V15: =$E15*M$2/1000000 -> 0.21652131 | W15: =$E15*N$2/1000000 -> 0.43304263 | X15: =$E15*P$2/1000000 -> 0.43304263 | Y15: =$E15*Q$2/1000000 -> 0.43304263 | Z15: =$E15*R$2/1000000 -> 0.34024778 | AA15: =$E15*S$2/1000000 -> 2.1652131 | AB15: =$E15*T$2/1000000 -> 1.0826066 | AC15: =$E15*U$2/1000000 -> 0.52583747 | AD15: =$E15*V$2/1000000 -> 5.5986225 | AE15: =$E15*W$2/1000000 -> 3.7736572 | ... AG15: =$E15*Y$2/1000000 -> 4.268563 | AH15: =SUM(R15:AG15) -> 30.931616 | AI15: =$E15*AA$2 -> 1238149.6 | AJ15: =$E15*AB$2/1000000 -> 35.064397 | AK15: =$E15*AC$2/(42*1000) -> 88.777912 | AL15: =$E15*AD$2/1000 -> 14.114553 | AM15: =$E15*AE$2/1000000 -> 59.112183
A16: ='Texas pop'!A112 -> 2028 | B16: ='Texas pop'!B112 -> 31998588 | C16: ='Texas pop'!C112 -> 858184.77 | D16: ='Texas pop'!D112 -> 858184.77 | E16: ='Texas pop'!E112 -> 192465.56 | F16: =E16*$C$46*$D$45/1000000000 -> 2.6744454 | G16: =E16/1000*$D$41/0.9/1000 -> 110.93705 | H16: =E16*$D$41/1000 -> 99843.349 | I16: =H16/$D$42*$D$43 -> 22058.414 | J16: =$D$45*E16/1000 -> 37055.395 | K16: =J16-I15 -> 18039.521 | L16: =O16 -> 907.40741 | M16: =I15/J16*P16+K16/J16*O16 -> 1295.149 | N16: 4.9 | O16: =$H$50/2.7*N16 -> 907.40741 | P16: =P15*(1-0.01) -> 1662.9823 | Q16: =M16/L16 -> 1.4273071 | R16: =$E16*I$2/1000000 -> 2.7269313 | S16: =$E16*J$2/1000000 -> 2.5475279 | T16: =$E16*K$2/1000000 -> 3.8392322 | U16: =$E16*L$2/1000000 -> 0.25116472 | V16: =$E16*M$2/1000000 -> 0.25116472 | W16: =$E16*N$2/1000000 -> 0.50232945 | X16: =$E16*P$2/1000000 -> 0.50232945 | Y16: =$E16*Q$2/1000000 -> 0.50232945 | Z16: =$E16*R$2/1000000 -> 0.39468742 | AA16: =$E16*S$2/1000000 -> 2.5116472 | AB16: =$E16*T$2/1000000 -> 1.2558236 | AC16: =$E16*U$2/1000000 -> 0.60997147 | AD16: =$E16*V$2/1000000 -> 6.4944021 | AE16: =$E16*W$2/1000000 -> 4.3774423 | ... AG16: =$E16*Y$2/1000000 -> 4.9515331 | AH16: =SUM(R16:AG16) -> 35.880675 | AI16: =$E16*AA$2 -> 1436253.6 | AJ16: =$E16*AB$2/1000000 -> 40.674701 | AK16: =$E16*AC$2/(42*1000) -> 102.98238 | AL16: =$E16*AD$2/1000 -> 16.372882 | AM16: =$E16*AE$2/1000000 -> 68.570133
A17: ='Texas pop'!A113 -> 2029 | B17: ='Texas pop'!B113 -> 32337520 | C17: ='Texas pop'!C113 -> 1050650.3 | D17: ='Texas pop'!D113 -> 1050650.3 | E17: ='Texas pop'!E113 -> 223260.05 | F17: =E17*$C$46*$D$45/1000000000 -> 3.1023567 | G17: =E17/1000*$D$41/0.9/1000 -> 128.68698 | H17: =E17*$D$41/1000 -> 115818.29 | I17: =H17/$D$42*$D$43 -> 25587.761 | J17: =$D$45*E17/1000 -> 42984.258 | K17: =J17-I16 -> 20925.844 | L17: =O17 -> 944.44444 | M17: =I16/J17*P17+K17/J17*O17 -> 1304.6456 | N17: 5.1 | O17: =$H$50/2.7*N17 -> 944.44444 | P17: =P16*(1-0.01) -> 1646.3525 | Q17: =M17/L17 -> 1.3813894 | R17: =$E17*I$2/1000000 -> 3.1632403 | S17: =$E17*J$2/1000000 -> 2.9551324 | T17: =$E17*K$2/1000000 -> 4.4535093 | U17: =$E17*L$2/1000000 -> 0.29135108 | V17: =$E17*M$2/1000000 -> 0.29135108 | W17: =$E17*N$2/1000000 -> 0.58270216 | X17: =$E17*P$2/1000000 -> 0.58270216 | Y17: =$E17*Q$2/1000000 -> 0.58270216 | Z17: =$E17*R$2/1000000 -> 0.45783741 | AA17: =$E17*S$2/1000000 -> 2.9135108 | AB17: =$E17*T$2/1000000 -> 1.4567554 | AC17: =$E17*U$2/1000000 -> 0.70756691 | AD17: =$E17*V$2/1000000 -> 7.5335065 | AE17: =$E17*W$2/1000000 -> 5.0778331 | ... AG17: =$E17*Y$2/1000000 -> 5.7437784 | AH17: =SUM(R17:AG17) -> 41.621583 | AI17: =$E17*AA$2 -> 1666054.1 | AJ17: =$E17*AB$2/1000000 -> 47.182653 | AK17: =$E17*AC$2/(42*1000) -> 119.45956 | AL17: =$E17*AD$2/1000 -> 18.992543 | AM17: =$E17*AE$2/1000000 -> 79.541354
A18: ='Texas pop'!A114 -> 2030 | B18: ='Texas pop'!B114 -> 32676453 | C18: ='Texas pop'!C114 -> 1273910.4 | D18: ='Texas pop'!D114 -> 1273910.4 | E18: ='Texas pop'!E114 -> 258981.66 | F18: =E18*$C$46*$D$45/1000000000 -> 3.5987337 | G18: =E18/1000*$D$41/0.9/1000 -> 149.2769 | H18: =E18*$D$41/1000 -> 134349.21 | I18: =H18/$D$42*$D$43 -> 29681.802 | J18: =$D$45*E18/1000 -> 49861.74 | K18: =J18-I17 -> 24273.979 | L18: =O18 -> 962.96296 | M18: =I17/J18*P18+K18/J18*O18 -> 1305.2122 | N18: 5.2 | O18: =$H$50/2.7*N18 -> 962.96296 | P18: =P17*(1-0.01) -> 1629.889 | Q18: =M18/L18 -> 1.3554127 | R18: =$E18*I$2/1000000 -> 3.6693587 | S18: =$E18*J$2/1000000 -> 3.4279535 | T18: =$E18*K$2/1000000 -> 5.1660708 | U18: =$E18*L$2/1000000 -> 0.33796725 | V18: =$E18*M$2/1000000 -> 0.33796725 | W18: =$E18*N$2/1000000 -> 0.6759345 | X18: =$E18*P$2/1000000 -> 0.6759345 | Y18: =$E18*Q$2/1000000 -> 0.6759345 | Z18: =$E18*R$2/1000000 -> 0.53109139 | AA18: =$E18*S$2/1000000 -> 3.3796725 | AB18: =$E18*T$2/1000000 -> 1.6898363 | AC18: =$E18*U$2/1000000 -> 0.82077761 | AD18: =$E18*V$2/1000000 -> 8.7388675 | AE18: =$E18*W$2/1000000 -> 5.8902864 | ... AG18: =$E18*Y$2/1000000 -> 6.662783 | AH18: =SUM(R18:AG18) -> 48.281036 | AI18: =$E18*AA$2 -> 1932622.8 | AJ18: =$E18*AB$2/1000000 -> 54.731877 | AK18: =$E18*AC$2/(42*1000) -> 138.57309 | AL18: =$E18*AD$2/1000 -> 22.03135 | AM18: =$E18*AE$2/1000000 -> 92.267971
A19: ='Texas pop'!A115 -> 2031 | B19: ='Texas pop'!B115 -> 33015385 | C19: ='Texas pop'!C115 -> 1532892.1 | D19: ='Texas pop'!D115 -> 1532892.1 | E19: ='Texas pop'!E115 -> 282290.01 | F19: =E19*$C$46*$D$45/1000000000 -> 3.9226198 | G19: =E19/1000*$D$41/0.9/1000 -> 162.71182 | H19: =E19*$D$41/1000 -> 146440.64 | I19: =H19/$D$42*$D$43 -> 32353.165 | J19: =$D$45*E19/1000 -> 54349.296 | K19: =J19-I18 -> 24667.494 | L19: =O19 -> 981.48148 | M19: =I18/J19*P19+K19/J19*O19 -> 1326.6952 | N19: 5.3 | O19: =$H$50/2.7*N19 -> 981.48148 | P19: =P18*(1-0.01) -> 1613.5901 | Q19: =M19/L19 -> 1.3517272 | R19: =$E19*I$2/1000000 -> 3.999601 | S19: =$E19*J$2/1000000 -> 3.7364694 | T19: =$E19*K$2/1000000 -> 5.6310172 | U19: =$E19*L$2/1000000 -> 0.3683843 | V19: =$E19*M$2/1000000 -> 0.3683843 | W19: =$E19*N$2/1000000 -> 0.73676861 | X19: =$E19*P$2/1000000 -> 0.73676861 | Y19: =$E19*Q$2/1000000 -> 0.73676861 | Z19: =$E19*R$2/1000000 -> 0.57888962 | AA19: =$E19*S$2/1000000 -> 3.683843 | AB19: =$E19*T$2/1000000 -> 1.8419215 | AC19: =$E19*U$2/1000000 -> 0.8946476 | AD19: =$E19*V$2/1000000 -> 9.5253656 | AE19: =$E19*W$2/1000000 -> 6.4204122 | ... AG19: =$E19*Y$2/1000000 -> 7.2624334 | AH19: =SUM(R19:AG19) -> 52.626329 | AI19: =$E19*AA$2 -> 2106558.8 | AJ19: =$E19*AB$2/1000000 -> 59.657746 | AK19: =$E19*AC$2/(42*1000) -> 151.04467 | AL19: =$E19*AD$2/1000 -> 24.014171 | AM19: =$E19*AE$2/1000000 -> 100.57209
A20: ='Texas pop'!A116 -> 2032 | B20: ='Texas pop'!B116 -> 33354318 | C20: ='Texas pop'!C116 -> 1815182.1 | D20: ='Texas pop'!D116 -> 1815182.1 | E20: ='Texas pop'!E116 -> 307696.11 | F20: =E20*$C$46*$D$45/1000000000 -> 4.2756556 | G20: =E20/1000*$D$41/0.9/1000 -> 177.35589 | H20: =E20*$D$41/1000 -> 159620.3 | I20: =H20/$D$42*$D$43 -> 35264.949 | J20: =$D$45*E20/1000 -> 59240.733 | K20: =J20-I19 -> 26887.568 | L20: =O20 -> 1000 | M20: =I19/J20*P20+K20/J20*O20 -> 1326.2879 | N20: 5.4 | O20: =$H$50/2.7*N20 -> 1000 | P20: =P19*(1-0.01) -> 1597.4542 | Q20: =M20/L20 -> 1.3262879 | R20: =$E20*I$2/1000000 -> 4.3595651 | S20: =$E20*J$2/1000000 -> 4.0727516 | T20: =$E20*K$2/1000000 -> 6.1378088 | U20: =$E20*L$2/1000000 -> 0.40153889 | V20: =$E20*M$2/1000000 -> 0.40153889 | W20: =$E20*N$2/1000000 -> 0.80307778 | X20: =$E20*P$2/1000000 -> 0.80307778 | Y20: =$E20*Q$2/1000000 -> 0.80307778 | Z20: =$E20*R$2/1000000 -> 0.63098969 | AA20: =$E20*S$2/1000000 -> 4.0153889 | AB20: =$E20*T$2/1000000 -> 2.0076945 | AC20: =$E20*U$2/1000000 -> 0.97516588 | AD20: =$E20*V$2/1000000 -> 10.382648 | AE20: =$E20*W$2/1000000 -> 6.9982492 | ... AG20: =$E20*Y$2/1000000 -> 7.9160524 | AH20: =SUM(R20:AG20) -> 57.362699 | AI20: =$E20*AA$2 -> 2296149.1 | AJ20: =$E20*AB$2/1000000 -> 65.026943 | AK20: =$E20*AC$2/(42*1000) -> 164.63869 | AL20: =$E20*AD$2/1000 -> 26.175447 | AM20: =$E20*AE$2/1000000 -> 109.62358
A21: ='Texas pop'!A117 -> 2033 | B21: ='Texas pop'!B117 -> 33693251 | C21: ='Texas pop'!C117 -> 2122878.2 | D21: ='Texas pop'!D117 -> 2122878.2 | E21: ='Texas pop'!E117 -> 335388.76 | F21: =E21*$C$46*$D$45/1000000000 -> 4.6604646 | G21: =E21/1000*$D$41/0.9/1000 -> 193.31792 | H21: =E21*$D$41/1000 -> 173986.12 | I21: =H21/$D$42*$D$43 -> 38438.795 | J21: =$D$45*E21/1000 -> 64572.399 | K21: =J21-I20 -> 29307.449 | L21: =O21 -> 996.2963 | M21: =I20/J21*P21+K21/J21*O21 -> 1315.8827 | N21: 5.38 | O21: =$H$50/2.7*N21 -> 996.2963 | P21: =P20*(1-0.01) -> 1581.4796 | Q21: =M21/L21 -> 1.3207745 | R21: =$E21*I$2/1000000 -> 4.751926 | S21: =$E21*J$2/1000000 -> 4.4392993 | T21: =$E21*K$2/1000000 -> 6.6902116 | U21: =$E21*L$2/1000000 -> 0.43767739 | V21: =$E21*M$2/1000000 -> 0.43767739 | W21: =$E21*N$2/1000000 -> 0.87535478 | X21: =$E21*P$2/1000000 -> 0.87535478 | Y21: =$E21*Q$2/1000000 -> 0.87535478 | Z21: =$E21*R$2/1000000 -> 0.68777876 | AA21: =$E21*S$2/1000000 -> 4.3767739 | AB21: =$E21*T$2/1000000 -> 2.188387 | AC21: =$E21*U$2/1000000 -> 1.0629308 | AD21: =$E21*V$2/1000000 -> 11.317087 | AE21: =$E21*W$2/1000000 -> 7.6280917 | ... AG21: =$E21*Y$2/1000000 -> 8.6284971 | AH21: =SUM(R21:AG21) -> 62.525342 | AI21: =$E21*AA$2 -> 2502802.5 | AJ21: =$E21*AB$2/1000000 -> 70.879368 | AK21: =$E21*AC$2/(42*1000) -> 179.45617 | AL21: =$E21*AD$2/1000 -> 28.531237 | AM21: =$E21*AE$2/1000000 -> 119.4897
A22: ='Texas pop'!A118 -> 2034 | B22: ='Texas pop'!B118 -> 34032183 | C22: ='Texas pop'!C118 -> 2458266.9 | D22: ='Texas pop'!D118 -> 2458266.9 | E22: ='Texas pop'!E118 -> 365573.75 | F22: =E22*$C$46*$D$45/1000000000 -> 5.0799064 | G22: =E22/1000*$D$41/0.9/1000 -> 210.71653 | H22: =E22*$D$41/1000 -> 189644.88 | I22: =H22/$D$42*$D$43 -> 41898.286 | J22: =$D$45*E22/1000 -> 70383.915 | K22: =J22-I21 -> 31945.12 | L22: =O22 -> 985.18519 | M22: =I21/J22*P22+K22/J22*O22 -> 1302.2028 | N22: 5.32 | O22: =$H$50/2.7*N22 -> 985.18519 | P22: =P21*(1-0.01) -> 1565.6648 | Q22: =M22/L22 -> 1.3217848 | R22: =$E22*I$2/1000000 -> 5.1795993 | S22: =$E22*J$2/1000000 -> 4.8388362 | T22: =$E22*K$2/1000000 -> 7.2923306 | U22: =$E22*L$2/1000000 -> 0.47706836 | V22: =$E22*M$2/1000000 -> 0.47706836 | W22: =$E22*N$2/1000000 -> 0.95413671 | X22: =$E22*P$2/1000000 -> 0.95413671 | Y22: =$E22*Q$2/1000000 -> 0.95413671 | Z22: =$E22*R$2/1000000 -> 0.74967885 | AA22: =$E22*S$2/1000000 -> 4.7706836 | AB22: =$E22*T$2/1000000 -> 2.3853418 | AC22: =$E22*U$2/1000000 -> 1.1585946 | AD22: =$E22*V$2/1000000 -> 12.335625 | AE22: =$E22*W$2/1000000 -> 8.3146199 | ... AG22: =$E22*Y$2/1000000 -> 9.4050619 | AH22: =SUM(R22:AG22) -> 68.152622 | AI22: =$E22*AA$2 -> 2728054.8 | AJ22: =$E22*AB$2/1000000 -> 77.258511 | AK22: =$E22*AC$2/(42*1000) -> 195.60722 | AL22: =$E22*AD$2/1000 -> 31.099048 | AM22: =$E22*AE$2/1000000 -> 130.24377
A23: ='Texas pop'!A119 -> 2035 | B23: ='Texas pop'!B119 -> 34371116 | C23: ='Texas pop'!C119 -> 2823840.7 | D23: ='Texas pop'!D119 -> 2823840.7 | E23: ='Texas pop'!E119 -> 398475.39 | F23: =E23*$C$46*$D$45/1000000000 -> 5.537098 | G23: =E23/1000*$D$41/0.9/1000 -> 229.68102 | H23: =E23*$D$41/1000 -> 206712.91 | I23: =H23/$D$42*$D$43 -> 45669.132 | J23: =$D$45*E23/1000 -> 76718.467 | K23: =J23-I22 -> 34820.18 | L23: =O23 -> 994.44444 | M23: =I22/J23*P23+K23/J23*O23 -> 1297.8547 | N23: 5.37 | O23: =$H$50/2.7*N23 -> 994.44444 | P23: =P22*(1-0.01) -> 1550.0082 | Q23: =M23/L23 -> 1.3051053 | R23: =$E23*I$2/1000000 -> 5.6457632 | S23: =$E23*J$2/1000000 -> 5.2743314 | T23: =$E23*K$2/1000000 -> 7.9486403 | U23: =$E23*L$2/1000000 -> 0.52000451 | V23: =$E23*M$2/1000000 -> 0.52000451 | W23: =$E23*N$2/1000000 -> 1.040009 | X23: =$E23*P$2/1000000 -> 1.040009 | Y23: =$E23*Q$2/1000000 -> 1.040009 | Z23: =$E23*R$2/1000000 -> 0.81714994 | AA23: =$E23*S$2/1000000 -> 5.2000451 | AB23: =$E23*T$2/1000000 -> 2.6000225 | AC23: =$E23*U$2/1000000 -> 1.2628681 | AD23: =$E23*V$2/1000000 -> 13.445831 | AE23: =$E23*W$2/1000000 -> 9.0629357 | ... AG23: =$E23*Y$2/1000000 -> 10.251517 | AH23: =SUM(R23:AG23) -> 74.286358 | AI23: =$E23*AA$2 -> 2973579.7 | AJ23: =$E23*AB$2/1000000 -> 84.211777 | AK23: =$E23*AC$2/(42*1000) -> 213.21187 | AL23: =$E23*AD$2/1000 -> 33.897963 | AM23: =$E23*AE$2/1000000 -> 141.96571
A24: ='Texas pop'!A120 -> 2036 | B24: ='Texas pop'!B120 -> 34710049 | C24: ='Texas pop'!C120 -> 3222316.1 | D24: ='Texas pop'!D120 -> 3210416.1 | E24: ='Texas pop'!E120 -> 434338.18 | F24: =E24*$C$46*$D$45/1000000000 -> 6.0354368 | G24: =E24/1000*$D$41/0.9/1000 -> 250.35231 | H24: =E24*$D$41/1000 -> 225317.08 | I24: =H24/$D$42*$D$43 -> 49779.354 | J24: =$D$45*E24/1000 -> 83623.129 | K24: =J24-I23 -> 37953.997 | L24: =O24 -> 962.96296 | M24: =I23/J24*P24+K24/J24*O24 -> 1275.1011 | N24: 5.2 | O24: =$H$50/2.7*N24 -> 962.96296 | P24: =P23*(1-0.01) -> 1534.5081 | Q24: =M24/L24 -> 1.3241435 | R24: =$E24*I$2/1000000 -> 6.1538819 | S24: =$E24*J$2/1000000 -> 5.7490213 | T24: =$E24*K$2/1000000 -> 8.664018 | U24: =$E24*L$2/1000000 -> 0.56680491 | V24: =$E24*M$2/1000000 -> 0.56680491 | W24: =$E24*N$2/1000000 -> 1.1336098 | X24: =$E24*P$2/1000000 -> 1.1336098 | Y24: =$E24*Q$2/1000000 -> 1.1336098 | Z24: =$E24*R$2/1000000 -> 0.89069344 | AA24: =$E24*S$2/1000000 -> 5.6680491 | AB24: =$E24*T$2/1000000 -> 2.8340246 | AC24: =$E24*U$2/1000000 -> 1.3765262 | AD24: =$E24*V$2/1000000 -> 14.655956 | AE24: =$E24*W$2/1000000 -> 9.8785999 | ... AG24: =$E24*Y$2/1000000 -> 11.174154 | AH24: =SUM(R24:AG24) -> 80.972131 | AI24: =$E24*AA$2 -> 3241201.9 | AJ24: =$E24*AB$2/1000000 -> 91.790837 | AK24: =$E24*AC$2/(42*1000) -> 232.40094 | AL24: =$E24*AD$2/1000 -> 36.948779 | AM24: =$E24*AE$2/1000000 -> 154.74262
... A38: ='Texas pop'!A134 -> 2050 | B38: ='Texas pop'!B134 -> 39455106 | C38: ='Texas pop'!C134 -> 12569590 | D38: ='Texas pop'!D134 -> 11045098 | E38: ='Texas pop'!E134 -> 907543.37 | F38: =E38*$C$46*$D$45/1000000000 -> 12.610958 | G38: =E38/1000*$D$41/0.9/1000 -> 523.10754 | H38: =E38*$D$41/1000 -> 470796.79 | I38: =H38/$D$42*$D$43 -> 104013.24 | J38: =$D$45*E38/1000 -> 174729.32 | K38: =J38-I37 -> 74716.59 | L38: =O38 -> 1000 | M38: =I37/J38*P38+K38/J38*O38 -> 1190.6606 | N38: 5.4 | O38: =$H$50/2.7*N38 -> 1000 | P38: =P37*(1-0.01) -> 1333.0975 | Q38: =M38/L38 -> 1.1906606 | R38: =$E38*I$2/1000000 -> 12.858448 | S38: =$E38*J$2/1000000 -> 12.012497 | T38: =$E38*K$2/1000000 -> 18.103341 | U38: =$E38*L$2/1000000 -> 1.1843307 | V38: =$E38*M$2/1000000 -> 1.1843307 | W38: =$E38*N$2/1000000 -> 2.3686614 | X38: =$E38*P$2/1000000 -> 2.3686614 | Y38: =$E38*Q$2/1000000 -> 2.3686614 | Z38: =$E38*R$2/1000000 -> 1.8610911 | AA38: =$E38*S$2/1000000 -> 11.843307 | AB38: =$E38*T$2/1000000 -> 5.9216536 | AC38: =$E38*U$2/1000000 -> 2.8762317 | AD38: =$E38*V$2/1000000 -> 30.623408 | AE38: =$E38*W$2/1000000 -> 20.641192 | ... AG38: =$E38*Y$2/1000000 -> 23.348234 | AH38: =SUM(R38:AG38) -> 169.1901 | AI38: =$E38*AA$2 -> 6772444.7 | AJ38: =$E38*AB$2/1000000 -> 191.79563 | AK38: =$E38*AC$2/(42*1000) -> 485.59842 | AL38: =$E38*AD$2/1000 -> 77.203943 | AM38: =$E38*AE$2/1000000 -> 323.33249
A39: ='Texas pop'!A135 -> 0 | B39: ='Texas pop'!B135 -> 0 | C39: ='Texas pop'!C135 -> 11036698 | D39: ='Texas pop'!D135 -> 12577990 | E39: ='Texas pop'!E135 -> 12569590 | F39: =E39*$C$46*$D$45/1000000000 -> 174.66336 | G39: =E39/1000*$D$41/0.9/1000 -> 7245.1055 | J39: =$E39*I$2 -> 1.7809113e+08 | K39: =$E39*J$2 -> 1.663746e+08 | M39: =$E39*K$2 -> 2.5073356e+08 | N39: =$E39*L$2 -> 16403130 | O39: =$E39*M$2 -> 16403130 | Q39: =$E39*N$2 -> 32806260 | R39: =$E39*P$2 -> 32806260 | S39: =$E39*Q$2 -> 32806260 | T39: =$E39*R$2 -> 25776347 | U39: =$E39*S$2 -> 1.640313e+08 | V39: =$E39*T$2 -> 82015650 | W39: =$E39*U$2 -> 39836173 | X39: =$E39*V$2 -> 4.2413807e+08 | Y39: =$E39*W$2 -> 2.8588312e+08 | ... AA39: =$E39*Y$2 -> 3.2337599e+08
A40: ='Texas pop'!A136 -> 0 | B40: ='Texas pop'!B136 -> 13427775 | C40: ='Texas pop'!C136 -> 0 | D40: ='Texas pop'!D136 -> 0 | E40: ='Texas pop'!E136 -> 0 | K40: https://www.eia.gov/dnav/ng/hist/n3035tx3m.htm
B41: 2029 | C41: Emissions (kg/car) | D41: =576.3995*0.9 -> 518.75955 | E41: =E17*D41/1000 -> 115818.29 | K41: https://www.naturalgasintel.com/natural-gas-to-become-worlds-primary-fossil-fuel-by-2050-says-gas-exporting-countries-forum/
C42: ROCM | D42: 4.3 | E42: =E41/7.2 -> 16085.873 | F42: TONS OF ETHYLENE
C43: YIELD | D43: 0.95 | E43: =E42*D43 -> 15281.579 | F43: TONS OF POLYETHYLENE | I43: Table 7. Average Value of Plastics & Polymer Composites ($/vehicle)
B44: KG OF PE/CAR | D44: 8.09 | E44: =E17*D44/1000 -> 1806.1738 | F44: TONS IN 2029 REQ FOR PE | I44: 2021 | J44: 710 | K44: https://plasticmakers.org/wp-content/uploads/2023/02/Chemistry-and-Automobiles-March-2023.pdf
B45: KG OF PLASTIC/CAR | D45: 192.53 | E45: =D45*E18/1000 -> 49861.74 | F45: TONS IN 2029 REQ GENERAL | J45: =J51*J44 -> 1088.3971 | L45: 45717
A46: GREET | B46: Total MJ/kg plastic | C46: 72.174252 | I46: RANGES $15,000 to $25,000 USD | L46: =L45-J44+J45 -> 46095.397 | M46: =L46/L45-1 -> 0.0082769459 | N46: INCREMENT OF 2.84% IN THE CAR PRICE (25000)
D47: IF WHOLE CAR WAS PE, TONS REQ | N47: https://www.wfaa.com/article/money/business/right-on-the-money/as-auto-prices-soar-across-check-your-auto-insurance/287-db5a20d6-5bd7-45c4-a870-d48c8491a352#:~:text=As%20auto%20prices%20soar%20across,costs%20almost%20%2430%2C000%20(%2429%2C969%20).
D48: FROM 2029 I CAN PRODUCE | F48: BY 2030 I NEED | H48: FROM NG I NEED | J48: FINAL PRICE/ TON PLASTIC (NO EMISSIONS)
D49: =E43 -> 15281.579 | F49: =E45 -> 49861.74 | H49: =F49-D49 -> 34580.16
B50: PRICES PER TON | D50: 1764.5099 | H50: 500 | J50: =D49/$F$49*D50+H49/$F$49*H50 -> 887.54581
J51: =Q13 -> 1.5329537
J52: 2.0632836 | K52: 100% CCUS (90% YIELD)
J53: 1.8506269 | K53: 80% CCUS (90% YIELD)
J54: 1.6379702 | K54: 60% CCUS (90% YIELD)
J55: 1.4253135 | K55: 40% CCUS (90% YIELD)
J56: 1.2126567 | K56: 40% CCUS (90% YIELD)
J57: 1 | K57: 0% CCUS (90% YIELD)

Sheet Plastics CCUS_RMTP
W1: Natural gas thousand cu ft/car | X1: Natural gas Million (m3)/car | Y1: Crude oil gal/car | Z1: Crude oil Thousands (m3)/car | AA1: Electricity kWh/car | AC1: ng mass
E2: Value/car | I2: 14.168411 | J2: 13.236279 | K2: 19.947632 | L2: 1.3049853 | M2: 1.3049853 | N2: 2.6099705 | P2: 2.6099705 | Q2: 2.6099705 | R2: 2.0506911 | S2: 13.049853 | T2: 6.5249263 | U2: 3.1692499 | V2: 33.74319 | W2: 22.744029 | X2: 21.62547 | Y2: 25.726852 | AA2: 7.4623924 | AB2: =28.32*7.46239236299982 -> 211.33495 | AC2: 22.472903 | AD2: =0.00378541*22.4729025711425 -> 0.08506915 | AE2: 356.27222 | AG2: 2636.4 | AH2: 50000
A3: ='Texas pop'!A99 -> Year | B3: ='Texas pop'!B99 -> Population | C3: ='Texas pop'!C99 -> EVs | D3: ='Texas pop'!D99 -> EVs w retirement | E3: ='Texas pop'!E99 -> Sales Difference/New cars | F3: ENERGY REQUIRED [PJ] | G3: TONS OF CO2 EMITTED | H3: TONS OF CO2 CAPTURED | I3: TONS OF PE PRODUCED THROGH CCUS | J3: "TONS REQ" | K3: DELTA (NG NEEDED) | L3: FINAL PRICE/ TON PLASTIC CONVENTIONAL | M3: FINAL PRICE/ TON PLASTIC NO EMISSIONS | N3: JANUARY NG PRICE BASED (USD/THOUSAND CU FT) | O3: NG PRICE/TON PLASTIC | P3: CCUS PRICE | Q3: RATIO COST NO EMI/EM | R3: ABS | S3: EPDM | T3: LER | U3: GPPS | V3: HIPS | W3: HDPE | X3: LDPE | Y3: LLDPE | Z3: Nylon 6 | AA3: Nylon 66 | AB3: PC | AC3: PET | AD3: PP | AE3: FPUR foam | AF3: RPUR foam | AG3: PVC | AH3: Total | AI3: NG | AJ3: NG | AK3: Crude oil | AM3: Electricity | AO3: =AP3*AG2/AH2 -> 393.47702 | AP3: =7.46239236299982*1000 -> 7462.3924
A4: ='Texas pop'!A100 -> 2016 | B4: ='Texas pop'!B100 -> 27914064 | C4: ='Texas pop'!C100 -> 11900 | D4: ='Texas pop'!D100 -> 11900 | E4: ='Texas pop'!E100 -> 4200 | F4: =E4*$C$46*$D$45/1000000000 -> 0.058361977 | G4: =E4/1000*$D$41/0.9/1000 -> 2.4208779 | H4: 0 | I4: =H4/$D$42*$D$43 -> 0 | J4: =$D$45*E4/1000 -> 808.626 | L4: =O4 -> 453.7037 | M4: =O4 -> 453.7037 | N4: 2.45 | O4: =$H$50/2.7*N4 -> 453.7037 | P4: =P5/D43 -> 2175.6221 | Q4: =M4/L4 -> 1 | R4: =$E4*I$2/1000000 -> 0.059507328 | S4: =$E4*J$2/1000000 -> 0.055592372 | T4: =$E4*K$2/1000000 -> 0.083780053 | U4: =$E4*L$2/1000000 -> 0.0054809381 | V4: =$E4*M$2/1000000 -> 0.0054809381 | W4: =$E4*N$2/1000000 -> 0.010961876 | X4: =$E4*P$2/1000000 -> 0.010961876 | Y4: =$E4*Q$2/1000000 -> 0.010961876 | Z4: =$E4*R$2/1000000 -> 0.0086129027 | AA4: =$E4*S$2/1000000 -> 0.054809381 | AB4: =$E4*T$2/1000000 -> 0.02740469 | AC4: =$E4*U$2/1000000 -> 0.01331085 | AD4: =$E4*V$2/1000000 -> 0.1417214 | AE4: =$E4*W$2/1000000 -> 0.095524921 | ... AG4: =$E4*Y$2/1000000 -> 0.10805278 | AH4: =SUM(R4:AG4) -> 0.78299115 | AI4: =$E4*AA$2 -> 31342.048 | AJ4: =$E4*AB$2/1000000 -> 0.8876068 | AK4: =$E4*AC$2/(42*1000) -> 2.2472903 | AL4: =$E4*AD$2/1000 -> 0.35729043 | AM4: =$E4*AE$2/1000000 -> 1.4963433 | AO4: =AO3*AP5 -> 178.47803 | AP4: kgs
A5: ='Texas pop'!A101 -> 2017 | B5: ='Texas pop'!B101 -> 28291024 | C5: ='Texas pop'!C101 -> 16100 | D5: ='Texas pop'!D101 -> 16100 | E5: ='Texas pop'!E101 -> 8400 | F5: =E5*$C$46*$D$45/1000000000 -> 0.11672395 | G5: =E5/1000*$D$41/0.9/1000 -> 4.8417558 | H5: 0 | I5: =H5/$D$42*$D$43 -> 0 | J5: =$D$45*E5/1000 -> 1617.252 | K5: =J5-I4 -> 1617.252 | L5: =O5 -> 711.11111 | M5: =O5 -> 711.11111 | N5: 3.84 | O5: =$H$50/2.7*N5 -> 711.11111 | P5: =D50/D43 -> 2066.841 | Q5: =M5/L5 -> 1 | R5: =$E5*I$2/1000000 -> 0.11901466 | S5: =$E5*J$2/1000000 -> 0.11118474 | T5: =$E5*K$2/1000000 -> 0.16756011 | U5: =$E5*L$2/1000000 -> 0.010961876 | V5: =$E5*M$2/1000000 -> 0.010961876 | W5: =$E5*N$2/1000000 -> 0.021923752 | X5: =$E5*P$2/1000000 -> 0.021923752 | Y5: =$E5*Q$2/1000000 -> 0.021923752 | Z5: =$E5*R$2/1000000 -> 0.017225805 | AA5: =$E5*S$2/1000000 -> 0.10961876 | AB5: =$E5*T$2/1000000 -> 0.054809381 | AC5: =$E5*U$2/1000000 -> 0.026621699 | AD5: =$E5*V$2/1000000 -> 0.2834428 | AE5: =$E5*W$2/1000000 -> 0.19104984 | ... AG5: =$E5*Y$2/1000000 -> 0.21610556 | AH5: =SUM(R5:AG5) -> 1.5659823 | AI5: =$E5*AA$2 -> 62684.096 | AJ5: =$E5*AB$2/1000000 -> 1.7752136 | AK5: =$E5*AC$2/(42*1000) -> 4.4945805 | AL5: =$E5*AD$2/1000 -> 0.71458086 | AM5: =$E5*AE$2/1000000 -> 2.9926866 | AO5: lbs to kg | AP5: 0.453592
A6: ='Texas pop'!A102 -> 2018 | B6: ='Texas pop'!B102 -> 28624564 | C6: ='Texas pop'!C102 -> 24500 | D6: ='Texas pop'!D102 -> 24500 | E6: ='Texas pop'!E102 -> 13900 | F6: =E6*$C$46*$D$45/1000000000 -> 0.19315035 | G6: =E6/1000*$D$41/0.9/1000 -> 8.0119531 | H6: 0 | I6: =H6/$D$42*$D$43 -> 0 | J6: =$D$45*E6/1000 -> 2676.167 | K6: =J6-I5 -> 2676.167 | L6: =O6 -> 620.37037 | M6: =O6 -> 620.37037 | N6: 3.35 | O6: =$H$50/2.7*N6 -> 620.37037 | P6: =P5*(1-0.01) -> 2046.1726 | Q6: =M6/L6 -> 1 | R6: =$E6*I$2/1000000 -> 0.19694092 | S6: =$E6*J$2/1000000 -> 0.18398428 | T6: =$E6*K$2/1000000 -> 0.27727208 | U6: =$E6*L$2/1000000 -> 0.018139295 | V6: =$E6*M$2/1000000 -> 0.018139295 | W6: =$E6*N$2/1000000 -> 0.03627859 | X6: =$E6*P$2/1000000 -> 0.03627859 | Y6: =$E6*Q$2/1000000 -> 0.03627859 | Z6: =$E6*R$2/1000000 -> 0.028504607 | AA6: =$E6*S$2/1000000 -> 0.18139295 | AB6: =$E6*T$2/1000000 -> 0.090696475 | AC6: =$E6*U$2/1000000 -> 0.044052574 | AD6: =$E6*V$2/1000000 -> 0.46903034 | AE6: =$E6*W$2/1000000 -> 0.316142 | ... AG6: =$E6*Y$2/1000000 -> 0.35760325 | AH6: =SUM(R6:AG6) -> 2.5913279 | AI6: =$E6*AA$2 -> 103727.25 | AJ6: =$E6*AB$2/1000000 -> 2.9375558 | AK6: =$E6*AC$2/(42*1000) -> 7.4374606 | AL6: =$E6*AD$2/1000 -> 1.1824612 | AM6: =$E6*AE$2/1000000 -> 4.9521838
A7: ='Texas pop'!A103 -> 2019 | B7: ='Texas pop'!B103 -> 28986794 | C7: ='Texas pop'!C103 -> 38400 | D7: ='Texas pop'!D103 -> 38400 | E7: ='Texas pop'!E103 -> 13800 | F7: =E7*$C$46*$D$45/1000000000 -> 0.19176078 | G7: =E7/1000*$D$41/0.9/1000 -> 7.9543131 | H7: 0 | I7: =H7/$D$42*$D$43 -> 0 | J7: =$D$45*E7/1000 -> 2656.914 | K7: =J7-I6 -> 2656.914 | L7: =O7 -> 725.92593 | M7: =O7 -> 725.92593 | N7: 3.92 | O7: =$H$50/2.7*N7 -> 725.92593 | P7: =P6*(1-0.01) -> 2025.7109 | Q7: =M7/L7 -> 1 | R7: =$E7*I$2/1000000 -> 0.19552408 | S7: =$E7*J$2/1000000 -> 0.18266065 | T7: =$E7*K$2/1000000 -> 0.27527732 | U7: =$E7*L$2/1000000 -> 0.018008797 | V7: =$E7*M$2/1000000 -> 0.018008797 | W7: =$E7*N$2/1000000 -> 0.036017593 | X7: =$E7*P$2/1000000 -> 0.036017593 | Y7: =$E7*Q$2/1000000 -> 0.036017593 | Z7: =$E7*R$2/1000000 -> 0.028299537 | AA7: =$E7*S$2/1000000 -> 0.18008797 | AB7: =$E7*T$2/1000000 -> 0.090043983 | AC7: =$E7*U$2/1000000 -> 0.043735649 | AD7: =$E7*V$2/1000000 -> 0.46565602 | AE7: =$E7*W$2/1000000 -> 0.3138676 | ... AG7: =$E7*Y$2/1000000 -> 0.35503056 | AH7: =SUM(R7:AG7) -> 2.5726852 | AI7: =$E7*AA$2 -> 102981.01 | AJ7: =$E7*AB$2/1000000 -> 2.9164223 | AK7: =$E7*AC$2/(42*1000) -> 7.3839537 | AL7: =$E7*AD$2/1000 -> 1.1739543 | AM7: =$E7*AE$2/1000000 -> 4.9165566 | AO7: oil mass
A8: ='Texas pop'!A104 -> 2020 | B8: ='Texas pop'!B104 -> 29232474 | C8: ='Texas pop'!C104 -> 52200 | D8: ='Texas pop'!D104 -> 52200 | E8: ='Texas pop'!E104 -> 28700 | F8: =E8*$C$46*$D$45/1000000000 -> 0.39880684 | G8: =E8/1000*$D$41/0.9/1000 -> 16.542666 | H8: 0 | I8: =H8/$D$42*$D$43 -> 0 | J8: =$D$45*E8/1000 -> 5525.611 | K8: =J8-I7 -> 5525.611 | L8: =O8 -> 429.62963 | M8: =O8 -> 429.62963 | N8: 2.32 | O8: =$H$50/2.7*N8 -> 429.62963 | P8: =P7*(1-0.01) -> 2005.4538 | Q8: =M8/L8 -> 1 | R8: =$E8*I$2/1000000 -> 0.40663341 | S8: =$E8*J$2/1000000 -> 0.37988121 | T8: =$E8*K$2/1000000 -> 0.57249703 | U8: =$E8*L$2/1000000 -> 0.037453077 | V8: =$E8*M$2/1000000 -> 0.037453077 | W8: =$E8*N$2/1000000 -> 0.074906154 | X8: =$E8*P$2/1000000 -> 0.074906154 | Y8: =$E8*Q$2/1000000 -> 0.074906154 | Z8: =$E8*R$2/1000000 -> 0.058854835 | AA8: =$E8*S$2/1000000 -> 0.37453077 | AB8: =$E8*T$2/1000000 -> 0.18726538 | AC8: =$E8*U$2/1000000 -> 0.090957472 | AD8: =$E8*V$2/1000000 -> 0.96842956 | AE8: =$E8*W$2/1000000 -> 0.65275362 | ... AG8: =$E8*Y$2/1000000 -> 0.73836066 | AH8: =SUM(R8:AG8) -> 5.3504395 | AI8: =$E8*AA$2 -> 214170.66 | AJ8: =$E8*AB$2/1000000 -> 6.0653131 | AK8: =$E8*AC$2/(42*1000) -> 15.356483 | AL8: =$E8*AD$2/1000 -> 2.4414846 | AM8: =$E8*AE$2/1000000 -> 10.225013 | AO8: 7.2 | AP8: =AO8*AC2 -> 161.8049
A9: ='Texas pop'!A105 -> 2021 | B9: ='Texas pop'!B105 -> 29558864 | C9: ='Texas pop'!C105 -> 80900 | D9: ='Texas pop'!D105 -> 80900 | E9: ='Texas pop'!E105 -> 68100 | F9: =E9*$C$46*$D$45/1000000000 -> 0.94629776 | G9: =E9/1000*$D$41/0.9/1000 -> 39.252806 | H9: 0 | I9: =H9/$D$42*$D$43 -> 0 | J9: =$D$45*E9/1000 -> 13111.293 | K9: =J9-I8 -> 13111.293 | L9: =O9 -> 511.11111 | M9: =O9 -> 511.11111 | N9: 2.76 | O9: =$H$50/2.7*N9 -> 511.11111 | P9: =P8*(1-0.01) -> 1985.3993 | Q9: =M9/L9 -> 1 | R9: =$E9*I$2/1000000 -> 0.96486881 | S9: =$E9*J$2/1000000 -> 0.9013906 | T9: =$E9*K$2/1000000 -> 1.3584337 | U9: =$E9*L$2/1000000 -> 0.088869496 | V9: =$E9*M$2/1000000 -> 0.088869496 | W9: =$E9*N$2/1000000 -> 0.17773899 | X9: =$E9*P$2/1000000 -> 0.17773899 | Y9: =$E9*Q$2/1000000 -> 0.17773899 | Z9: =$E9*R$2/1000000 -> 0.13965206 | AA9: =$E9*S$2/1000000 -> 0.88869496 | AB9: =$E9*T$2/1000000 -> 0.44434748 | AC9: =$E9*U$2/1000000 -> 0.21582592 | AD9: =$E9*V$2/1000000 -> 2.2979113 | AE9: =$E9*W$2/1000000 -> 1.5488684 | ... AG9: =$E9*Y$2/1000000 -> 1.7519986 | AH9: =SUM(R9:AG9) -> 12.695642 | AI9: =$E9*AA$2 -> 508188.92 | AJ9: =$E9*AB$2/1000000 -> 14.39191 | AK9: =$E9*AC$2/(42*1000) -> 36.438206 | AL9: =$E9*AD$2/1000 -> 5.7932091 | AM9: =$E9*AE$2/1000000 -> 24.262138 | AO9: kgs | AP9: =AP5*AP8 -> 73.393408
A10: ='Texas pop'!A106 -> 2022 | B10: ='Texas pop'!B106 -> 30029572 | C10: ='Texas pop'!C106 -> 149000 | D10: ='Texas pop'!D106 -> 149000 | E10: ='Texas pop'!E106 -> 78996 | F10: =E10*$C$46*$D$45/1000000000 -> 1.0977054 | G10: =E10/1000*$D$41/0.9/1000 -> 45.533255 | H10: 0 | I10: =H10/$D$42*$D$43 -> 0 | J10: =$D$45*E10/1000 -> 15209.1 | K10: =J10-I9 -> 15209.1 | L10: =O10 -> 901.85185 | M10: =O10 -> 901.85185 | N10: 4.87 | O10: =$H$50/2.7*N10 -> 901.85185 | P10: =P9*(1-0.01) -> 1965.5453 | Q10: =M10/L10 -> 1 | R10: =$E10*I$2/1000000 -> 1.1192478 | S10: =$E10*J$2/1000000 -> 1.0456131 | T10: =$E10*K$2/1000000 -> 1.5757831 | U10: =$E10*L$2/1000000 -> 0.10308862 | V10: =$E10*M$2/1000000 -> 0.10308862 | W10: =$E10*N$2/1000000 -> 0.20617723 | X10: =$E10*P$2/1000000 -> 0.20617723 | Y10: =$E10*Q$2/1000000 -> 0.20617723 | Z10: =$E10*R$2/1000000 -> 0.1619964 | AA10: =$E10*S$2/1000000 -> 1.0308862 | AB10: =$E10*T$2/1000000 -> 0.51544308 | AC10: =$E10*U$2/1000000 -> 0.25035807 | AD10: =$E10*V$2/1000000 -> 2.6655771 | AE10: =$E10*W$2/1000000 -> 1.7966873 | ... AG10: =$E10*Y$2/1000000 -> 2.0323184 | AH10: =SUM(R10:AG10) -> 14.726945 | AI10: =$E10*AA$2 -> 589499.15 | AJ10: =$E10*AB$2/1000000 -> 16.694616 | AK10: =$E10*AC$2/(42*1000) -> 42.268319 | AL10: =$E10*AD$2/1000 -> 6.7201226 | AM10: =$E10*AE$2/1000000 -> 28.14408 | AO10: kgs | AP10: =AO4+AP9 -> 251.87144
A11: ='Texas pop'!A107 -> 2023 | B11: ='Texas pop'!B107 -> 30303924 | C11: ='Texas pop'!C107 -> 227996 | D11: ='Texas pop'!D107 -> 227996 | E11: ='Texas pop'!E107 -> 91635.36 | F11: =E11*$C$46*$D$45/1000000000 -> 1.2733383 | G11: =E11/1000*$D$41/0.9/1000 -> 52.818576 | H11: 0 | I11: =H11/$D$42*$D$43 -> 0 | J11: =$D$45*E11/1000 -> 17642.556 | K11: =J11-I10 -> 17642.556 | L11: =O11 -> 831.48148 | M11: =O11 -> 831.48148 | N11: 4.49 | O11: =$H$50/2.7*N11 -> 831.48148 | P11: =P10*(1-0.01) -> 1945.8898 | Q11: =M11/L11 -> 1 | R11: =$E11*I$2/1000000 -> 1.2983275 | S11: =$E11*J$2/1000000 -> 1.2129112 | T11: =$E11*K$2/1000000 -> 1.8279084 | U11: =$E11*L$2/1000000 -> 0.11958279 | V11: =$E11*M$2/1000000 -> 0.11958279 | W11: =$E11*N$2/1000000 -> 0.23916559 | X11: =$E11*P$2/1000000 -> 0.23916559 | Y11: =$E11*Q$2/1000000 -> 0.23916559 | Z11: =$E11*R$2/1000000 -> 0.18791582 | AA11: =$E11*S$2/1000000 -> 1.1958279 | AB11: =$E11*T$2/1000000 -> 0.59791397 | AC11: =$E11*U$2/1000000 -> 0.29041536 | AD11: =$E11*V$2/1000000 -> 3.0920694 | AE11: =$E11*W$2/1000000 -> 2.0841573 | ... AG11: =$E11*Y$2/1000000 -> 2.3574894 | AH11: =SUM(R11:AG11) -> 17.083256 | AI11: =$E11*AA$2 -> 683819.01 | AJ11: =$E11*AB$2/1000000 -> 19.365754 | AK11: =$E11*AC$2/(42*1000) -> 49.03125 | AL11: =$E11*AD$2/1000 -> 7.7953422 | AM11: =$E11*AE$2/1000000 -> 32.647133 | AO11: final | AP11: 186.43
A12: ='Texas pop'!A108 -> 2024 | B12: ='Texas pop'!B108 -> 30642857 | C12: ='Texas pop'!C108 -> 319631.36 | D12: ='Texas pop'!D108 -> 319631.36 | E12: ='Texas pop'!E108 -> 106297.02 | F12: =E12*$C$46*$D$45/1000000000 -> 1.4770724 | G12: =E12/1000*$D$41/0.9/1000 -> 61.269548 | H12: =E12*$D$41/1000 -> 55142.593 | I12: =H12/$D$42*$D$43 -> 10913.638 | J12: =$D$45*E12/1000 -> 20465.365 | K12: =J12-I11 -> 20465.365 | L12: =O12 -> 833.33333 | M12: =I11/J12*P12+K12/J12*O12 -> 833.33333 | N12: 4.5 | O12: =$H$50/2.7*N12 -> 833.33333 | P12: =P11*(1-0.01) -> 1926.4309 | Q12: =M12/L12 -> 1 | R12: =$E12*I$2/1000000 -> 1.5060599 | S12: =$E12*J$2/1000000 -> 1.406977 | T12: =$E12*K$2/1000000 -> 2.1203738 | U12: =$E12*L$2/1000000 -> 0.13871604 | V12: =$E12*M$2/1000000 -> 0.13871604 | W12: =$E12*N$2/1000000 -> 0.27743208 | X12: =$E12*P$2/1000000 -> 0.27743208 | Y12: =$E12*Q$2/1000000 -> 0.27743208 | Z12: =$E12*R$2/1000000 -> 0.21798235 | AA12: =$E12*S$2/1000000 -> 1.3871604 | AB12: =$E12*T$2/1000000 -> 0.6935802 | AC12: =$E12*U$2/1000000 -> 0.33688181 | AD12: =$E12*V$2/1000000 -> 3.5868005 | AE12: =$E12*W$2/1000000 -> 2.4176224 | ... AG12: =$E12*Y$2/1000000 -> 2.7346877 | AH12: =SUM(R12:AG12) -> 19.816577 | AI12: =$E12*AA$2 -> 793230.05 | AJ12: =$E12*AB$2/1000000 -> 22.464275 | AK12: =$E12*AC$2/(42*1000) -> 56.87625 | AL12: =$E12*AD$2/1000 -> 9.0425969 | AM12: =$E12*AE$2/1000000 -> 37.870674 | AO12: Mass req/kg output | AP12: =AP10/AP11 -> 1.3510242
A13: ='Texas pop'!A109 -> 2025 | B13: ='Texas pop'!B109 -> 30981790 | C13: ='Texas pop'!C109 -> 425928.38 | D13: ='Texas pop'!D109 -> 425928.38 | E13: ='Texas pop'!E109 -> 123304.54 | F13: =E13*$C$46*$D$45/1000000000 -> 1.713404 | G13: =E13/1000*$D$41/0.9/1000 -> 71.072675 | H13: =E13*$D$41/1000 -> 63965.408 | I13: =H13/$D$42*$D$43 -> 12659.82 | J13: =$D$45*E13/1000 -> 23739.823 | K13: =J13-I12 -> 12826.185 | L13: =O13 -> 840.74074 | M13: =I12/J13*P13+K13/J13*O13 -> 1330.9965 | N13: 4.54 | O13: =$H$50/2.7*N13 -> 840.74074 | P13: =P12*(1-0.01) -> 1907.1666 | Q13: =M13/L13 -> 1.5831236 | R13: =$E13*I$2/1000000 -> 1.7470294 | S13: =$E13*J$2/1000000 -> 1.6320933 | T13: =$E13*K$2/1000000 -> 2.4596336 | U13: =$E13*L$2/1000000 -> 0.16091061 | V13: =$E13*M$2/1000000 -> 0.16091061 | W13: =$E13*N$2/1000000 -> 0.32182121 | X13: =$E13*P$2/1000000 -> 0.32182121 | Y13: =$E13*Q$2/1000000 -> 0.32182121 | Z13: =$E13*R$2/1000000 -> 0.25285953 | AA13: =$E13*S$2/1000000 -> 1.6091061 | AB13: =$E13*T$2/1000000 -> 0.80455304 | AC13: =$E13*U$2/1000000 -> 0.3907829 | AD13: =$E13*V$2/1000000 -> 4.1606886 | AE13: =$E13*W$2/1000000 -> 2.804442 | ... AG13: =$E13*Y$2/1000000 -> 3.1722377 | AH13: =SUM(R13:AG13) -> 22.98723 | AI13: =$E13*AA$2 -> 920146.86 | AJ13: =$E13*AB$2/1000000 -> 26.058559 | AK13: =$E13*AC$2/(42*1000) -> 65.976451 | AL13: =$E13*AD$2/1000 -> 10.489412 | AM13: =$E13*AE$2/1000000 -> 43.929982
A14: ='Texas pop'!A110 -> 2026 | B14: ='Texas pop'!B110 -> 31320722 | C14: ='Texas pop'!C110 -> 549232.92 | D14: ='Texas pop'!D110 -> 549232.92 | E14: ='Texas pop'!E110 -> 143033.27 | F14: =E14*$C$46*$D$45/1000000000 -> 1.9875486 | G14: =E14/1000*$D$41/0.9/1000 -> 82.444304 | H14: =E14*$D$41/1000 -> 74199.873 | I14: =H14/$D$42*$D$43 -> 14685.392 | J14: =$D$45*E14/1000 -> 27538.195 | K14: =J14-I13 -> 14878.375 | L14: =O14 -> 848.14815 | M14: =I13/J14*P14+K14/J14*O14 -> 1326.231 | N14: 4.58 | O14: =$H$50/2.7*N14 -> 848.14815 | P14: =P13*(1-0.01) -> 1888.0949 | Q14: =M14/L14 -> 1.5636785 | R14: =$E14*I$2/1000000 -> 2.0265542 | S14: =$E14*J$2/1000000 -> 1.8932282 | T14: =$E14*K$2/1000000 -> 2.8531749 | U14: =$E14*L$2/1000000 -> 0.1866563 | V14: =$E14*M$2/1000000 -> 0.1866563 | W14: =$E14*N$2/1000000 -> 0.37331261 | X14: =$E14*P$2/1000000 -> 0.37331261 | Y14: =$E14*Q$2/1000000 -> 0.37331261 | Z14: =$E14*R$2/1000000 -> 0.29331705 | AA14: =$E14*S$2/1000000 -> 1.866563 | AB14: =$E14*T$2/1000000 -> 0.93328152 | AC14: =$E14*U$2/1000000 -> 0.45330817 | AD14: =$E14*V$2/1000000 -> 4.8263987 | AE14: =$E14*W$2/1000000 -> 3.2531527 | ... AG14: =$E14*Y$2/1000000 -> 3.6797957 | AH14: =SUM(R14:AG14) -> 26.665186 | AI14: =$E14*AA$2 -> 1067370.4 | AJ14: =$E14*AB$2/1000000 -> 30.227929 | AK14: =$E14*AC$2/(42*1000) -> 76.532683 | AL14: =$E14*AD$2/1000 -> 12.167718 | AM14: =$E14*AE$2/1000000 -> 50.958779
A15: ='Texas pop'!A111 -> 2027 | B15: ='Texas pop'!B111 -> 31659655 | C15: ='Texas pop'!C111 -> 692266.18 | D15: ='Texas pop'!D111 -> 692266.18 | E15: ='Texas pop'!E111 -> 165918.59 | F15: =E15*$C$46*$D$45/1000000000 -> 2.3055564 | G15: =E15/1000*$D$41/0.9/1000 -> 95.635392 | H15: =E15*$D$41/1000 -> 86071.853 | I15: =H15/$D$42*$D$43 -> 17035.054 | J15: =$D$45*E15/1000 -> 31944.306 | K15: =J15-I14 -> 17258.914 | L15: =O15 -> 888.88889 | M15: =I14/J15*P15+K15/J15*O15 -> 1339.5626 | N15: 4.8 | O15: =$H$50/2.7*N15 -> 888.88889 | P15: =P14*(1-0.01) -> 1869.214 | Q15: =M15/L15 -> 1.5070079 | R15: =$E15*I$2/1000000 -> 2.3508028 | S15: =$E15*J$2/1000000 -> 2.1961447 | T15: =$E15*K$2/1000000 -> 3.3096829 | U15: =$E15*L$2/1000000 -> 0.21652131 | V15: =$E15*M$2/1000000 -> 0.21652131 | W15: =$E15*N$2/1000000 -> 0.43304263 | X15: =$E15*P$2/1000000 -> 0.43304263 | Y15: =$E15*Q$2/1000000 -> 0.43304263 | Z15: =$E15*R$2/1000000 -> 0.34024778 | AA15: =$E15*S$2/1000000 -> 2.1652131 | AB15: =$E15*T$2/1000000 -> 1.0826066 | AC15: =$E15*U$2/1000000 -> 0.52583747 | AD15: =$E15*V$2/1000000 -> 5.5986225 | AE15: =$E15*W$2/1000000 -> 3.7736572 | ... AG15: =$E15*Y$2/1000000 -> 4.268563 | AH15: =SUM(R15:AG15) -> 30.931616 | AI15: =$E15*AA$2 -> 1238149.6 | AJ15: =$E15*AB$2/1000000 -> 35.064397 | AK15: =$E15*AC$2/(42*1000) -> 88.777912 | AL15: =$E15*AD$2/1000 -> 14.114553 | AM15: =$E15*AE$2/1000000 -> 59.112183
A16: ='Texas pop'!A112 -> 2028 | B16: ='Texas pop'!B112 -> 31998588 | C16: ='Texas pop'!C112 -> 858184.77 | D16: ='Texas pop'!D112 -> 858184.77 | E16: ='Texas pop'!E112 -> 192465.56 | F16: =E16*$C$46*$D$45/1000000000 -> 2.6744454 | G16: =E16/1000*$D$41/0.9/1000 -> 110.93705 | H16: =E16*$D$41/1000 -> 99843.349 | I16: =H16/$D$42*$D$43 -> 19760.663 | J16: =$D$45*E16/1000 -> 37055.395 | K16: =J16-I15 -> 20020.341 | L16: =O16 -> 907.40741 | M16: =I15/J16*P16+K16/J16*O16 -> 1340.9747 | N16: 4.9 | O16: =$H$50/2.7*N16 -> 907.40741 | P16: =P15*(1-0.01) -> 1850.5218 | Q16: =M16/L16 -> 1.4778088 | R16: =$E16*I$2/1000000 -> 2.7269313 | S16: =$E16*J$2/1000000 -> 2.5475279 | T16: =$E16*K$2/1000000 -> 3.8392322 | U16: =$E16*L$2/1000000 -> 0.25116472 | V16: =$E16*M$2/1000000 -> 0.25116472 | W16: =$E16*N$2/1000000 -> 0.50232945 | X16: =$E16*P$2/1000000 -> 0.50232945 | Y16: =$E16*Q$2/1000000 -> 0.50232945 | Z16: =$E16*R$2/1000000 -> 0.39468742 | AA16: =$E16*S$2/1000000 -> 2.5116472 | AB16: =$E16*T$2/1000000 -> 1.2558236 | AC16: =$E16*U$2/1000000 -> 0.60997147 | AD16: =$E16*V$2/1000000 -> 6.4944021 | AE16: =$E16*W$2/1000000 -> 4.3774423 | ... AG16: =$E16*Y$2/1000000 -> 4.9515331 | AH16: =SUM(R16:AG16) -> 35.880675 | AI16: =$E16*AA$2 -> 1436253.6 | AJ16: =$E16*AB$2/1000000 -> 40.674701 | AK16: =$E16*AC$2/(42*1000) -> 102.98238 | AL16: =$E16*AD$2/1000 -> 16.372882 | AM16: =$E16*AE$2/1000000 -> 68.570133
A17: ='Texas pop'!A113 -> 2029 | B17: ='Texas pop'!B113 -> 32337520 | C17: ='Texas pop'!C113 -> 1050650.3 | D17: ='Texas pop'!D113 -> 1050650.3 | E17: ='Texas pop'!E113 -> 223260.05 | F17: =E17*$C$46*$D$45/1000000000 -> 3.1023567 | G17: =E17/1000*$D$41/0.9/1000 -> 128.68698 | H17: =E17*$D$41/1000 -> 115818.29 | I17: =H17/$D$42*$D$43 -> 22922.369 | J17: =$D$45*E17/1000 -> 42984.258 | K17: =J17-I16 -> 23223.595 | L17: =O17 -> 944.44444 | M17: =I16/J17*P17+K17/J17*O17 -> 1352.4779 | N17: 5.1 | O17: =$H$50/2.7*N17 -> 944.44444 | P17: =P16*(1-0.01) -> 1832.0166 | Q17: =M17/L17 -> 1.4320354 | R17: =$E17*I$2/1000000 -> 3.1632403 | S17: =$E17*J$2/1000000 -> 2.9551324 | T17: =$E17*K$2/1000000 -> 4.4535093 | U17: =$E17*L$2/1000000 -> 0.29135108 | V17: =$E17*M$2/1000000 -> 0.29135108 | W17: =$E17*N$2/1000000 -> 0.58270216 | X17: =$E17*P$2/1000000 -> 0.58270216 | Y17: =$E17*Q$2/1000000 -> 0.58270216 | Z17: =$E17*R$2/1000000 -> 0.45783741 | AA17: =$E17*S$2/1000000 -> 2.9135108 | AB17: =$E17*T$2/1000000 -> 1.4567554 | AC17: =$E17*U$2/1000000 -> 0.70756691 | AD17: =$E17*V$2/1000000 -> 7.5335065 | AE17: =$E17*W$2/1000000 -> 5.0778331 | ... AG17: =$E17*Y$2/1000000 -> 5.7437784 | AH17: =SUM(R17:AG17) -> 41.621583 | AI17: =$E17*AA$2 -> 1666054.1 | AJ17: =$E17*AB$2/1000000 -> 47.182653 | AK17: =$E17*AC$2/(42*1000) -> 119.45956 | AL17: =$E17*AD$2/1000 -> 18.992543 | AM17: =$E17*AE$2/1000000 -> 79.541354
A18: ='Texas pop'!A114 -> 2030 | B18: ='Texas pop'!B114 -> 32676453 | C18: ='Texas pop'!C114 -> 1273910.4 | D18: ='Texas pop'!D114 -> 1273910.4 | E18: ='Texas pop'!E114 -> 258981.66 | F18: =E18*$C$46*$D$45/1000000000 -> 3.5987337 | G18: =E18/1000*$D$41/0.9/1000 -> 149.2769 | H18: =E18*$D$41/1000 -> 134349.21 | I18: =H18/$D$42*$D$43 -> 26589.948 | J18: =$D$45*E18/1000 -> 49861.74 | K18: =J18-I17 -> 26939.371 | L18: =O18 -> 962.96296 | M18: =I17/J18*P18+K18/J18*O18 -> 1354.061 | N18: 5.2 | O18: =$H$50/2.7*N18 -> 962.96296 | P18: =P17*(1-0.01) -> 1813.6965 | Q18: =M18/L18 -> 1.4061402 | R18: =$E18*I$2/1000000 -> 3.6693587 | S18: =$E18*J$2/1000000 -> 3.4279535 | T18: =$E18*K$2/1000000 -> 5.1660708 | U18: =$E18*L$2/1000000 -> 0.33796725 | V18: =$E18*M$2/1000000 -> 0.33796725 | W18: =$E18*N$2/1000000 -> 0.6759345 | X18: =$E18*P$2/1000000 -> 0.6759345 | Y18: =$E18*Q$2/1000000 -> 0.6759345 | Z18: =$E18*R$2/1000000 -> 0.53109139 | AA18: =$E18*S$2/1000000 -> 3.3796725 | AB18: =$E18*T$2/1000000 -> 1.6898363 | AC18: =$E18*U$2/1000000 -> 0.82077761 | AD18: =$E18*V$2/1000000 -> 8.7388675 | AE18: =$E18*W$2/1000000 -> 5.8902864 | ... AG18: =$E18*Y$2/1000000 -> 6.662783 | AH18: =SUM(R18:AG18) -> 48.281036 | AI18: =$E18*AA$2 -> 1932622.8 | AJ18: =$E18*AB$2/1000000 -> 54.731877 | AK18: =$E18*AC$2/(42*1000) -> 138.57309 | AL18: =$E18*AD$2/1000 -> 22.03135 | AM18: =$E18*AE$2/1000000 -> 92.267971
A19: ='Texas pop'!A115 -> 2031 | B19: ='Texas pop'!B115 -> 33015385 | C19: ='Texas pop'!C115 -> 1532892.1 | D19: ='Texas pop'!D115 -> 1532892.1 | E19: ='Texas pop'!E115 -> 282290.01 | F19: =E19*$C$46*$D$45/1000000000 -> 3.9226198 | G19: =E19/1000*$D$41/0.9/1000 -> 162.71182 | H19: =E19*$D$41/1000 -> 146440.64 | I19: =H19/$D$42*$D$43 -> 28983.043 | J19: =$D$45*E19/1000 -> 54349.296 | K19: =J19-I18 -> 27759.348 | L19: =O19 -> 981.48148 | M19: =I18/J19*P19+K19/J19*O19 -> 1379.7625 | N19: 5.3 | O19: =$H$50/2.7*N19 -> 981.48148 | P19: =P18*(1-0.01) -> 1795.5595 | Q19: =M19/L19 -> 1.4057957 | R19: =$E19*I$2/1000000 -> 3.999601 | S19: =$E19*J$2/1000000 -> 3.7364694 | T19: =$E19*K$2/1000000 -> 5.6310172 | U19: =$E19*L$2/1000000 -> 0.3683843 | V19: =$E19*M$2/1000000 -> 0.3683843 | W19: =$E19*N$2/1000000 -> 0.73676861 | X19: =$E19*P$2/1000000 -> 0.73676861 | Y19: =$E19*Q$2/1000000 -> 0.73676861 | Z19: =$E19*R$2/1000000 -> 0.57888962 | AA19: =$E19*S$2/1000000 -> 3.683843 | AB19: =$E19*T$2/1000000 -> 1.8419215 | AC19: =$E19*U$2/1000000 -> 0.8946476 | AD19: =$E19*V$2/1000000 -> 9.5253656 | AE19: =$E19*W$2/1000000 -> 6.4204122 | ... AG19: =$E19*Y$2/1000000 -> 7.2624334 | AH19: =SUM(R19:AG19) -> 52.626329 | AI19: =$E19*AA$2 -> 2106558.8 | AJ19: =$E19*AB$2/1000000 -> 59.657746 | AK19: =$E19*AC$2/(42*1000) -> 151.04467 | AL19: =$E19*AD$2/1000 -> 24.014171 | AM19: =$E19*AE$2/1000000 -> 100.57209
A20: ='Texas pop'!A116 -> 2032 | B20: ='Texas pop'!B116 -> 33354318 | C20: ='Texas pop'!C116 -> 1815182.1 | D20: ='Texas pop'!D116 -> 1815182.1 | E20: ='Texas pop'!E116 -> 307696.11 | F20: =E20*$C$46*$D$45/1000000000 -> 4.2756556 | G20: =E20/1000*$D$41/0.9/1000 -> 177.35589 | H20: =E20*$D$41/1000 -> 159620.3 | I20: =H20/$D$42*$D$43 -> 31591.517 | J20: =$D$45*E20/1000 -> 59240.733 | K20: =J20-I19 -> 30257.689 | L20: =O20 -> 1000 | M20: =I19/J20*P20+K20/J20*O20 -> 1380.4363 | N20: 5.4 | O20: =$H$50/2.7*N20 -> 1000 | P20: =P19*(1-0.01) -> 1777.6039 | Q20: =M20/L20 -> 1.3804363 | R20: =$E20*I$2/1000000 -> 4.3595651 | S20: =$E20*J$2/1000000 -> 4.0727516 | T20: =$E20*K$2/1000000 -> 6.1378088 | U20: =$E20*L$2/1000000 -> 0.40153889 | V20: =$E20*M$2/1000000 -> 0.40153889 | W20: =$E20*N$2/1000000 -> 0.80307778 | X20: =$E20*P$2/1000000 -> 0.80307778 | Y20: =$E20*Q$2/1000000 -> 0.80307778 | Z20: =$E20*R$2/1000000 -> 0.63098969 | AA20: =$E20*S$2/1000000 -> 4.0153889 | AB20: =$E20*T$2/1000000 -> 2.0076945 | AC20: =$E20*U$2/1000000 -> 0.97516588 | AD20: =$E20*V$2/1000000 -> 10.382648 | AE20: =$E20*W$2/1000000 -> 6.9982492 | ... AG20: =$E20*Y$2/1000000 -> 7.9160524 | AH20: =SUM(R20:AG20) -> 57.362699 | AI20: =$E20*AA$2 -> 2296149.1 | AJ20: =$E20*AB$2/1000000 -> 65.026943 | AK20: =$E20*AC$2/(42*1000) -> 164.63869 | AL20: =$E20*AD$2/1000 -> 26.175447 | AM20: =$E20*AE$2/1000000 -> 109.62358
A21: ='Texas pop'!A117 -> 2033 | B21: ='Texas pop'!B117 -> 33693251 | C21: ='Texas pop'!C117 -> 2122878.2 | D21: ='Texas pop'!D117 -> 2122878.2 | E21: ='Texas pop'!E117 -> 335388.76 | F21: =E21*$C$46*$D$45/1000000000 -> 4.6604646 | G21: =E21/1000*$D$41/0.9/1000 -> 193.31792 | H21: =E21*$D$41/1000 -> 173986.12 | I21: =H21/$D$42*$D$43 -> 34434.754 | J21: =$D$45*E21/1000 -> 64572.399 | K21: =J21-I20 -> 32980.881 | L21: =O21 -> 996.2963 | M21: =I20/J21*P21+K21/J21*O21 -> 1369.8479 | N21: 5.38 | O21: =$H$50/2.7*N21 -> 996.2963 | P21: =P20*(1-0.01) -> 1759.8279 | Q21: =M21/L21 -> 1.3749402 | R21: =$E21*I$2/1000000 -> 4.751926 | S21: =$E21*J$2/1000000 -> 4.4392993 | T21: =$E21*K$2/1000000 -> 6.6902116 | U21: =$E21*L$2/1000000 -> 0.43767739 | V21: =$E21*M$2/1000000 -> 0.43767739 | W21: =$E21*N$2/1000000 -> 0.87535478 | X21: =$E21*P$2/1000000 -> 0.87535478 | Y21: =$E21*Q$2/1000000 -> 0.87535478 | Z21: =$E21*R$2/1000000 -> 0.68777876 | AA21: =$E21*S$2/1000000 -> 4.3767739 | AB21: =$E21*T$2/1000000 -> 2.188387 | AC21: =$E21*U$2/1000000 -> 1.0629308 | AD21: =$E21*V$2/1000000 -> 11.317087 | AE21: =$E21*W$2/1000000 -> 7.6280917 | ... AG21: =$E21*Y$2/1000000 -> 8.6284971 | AH21: =SUM(R21:AG21) -> 62.525342 | AI21: =$E21*AA$2 -> 2502802.5 | AJ21: =$E21*AB$2/1000000 -> 70.879368 | AK21: =$E21*AC$2/(42*1000) -> 179.45617 | AL21: =$E21*AD$2/1000 -> 28.531237 | AM21: =$E21*AE$2/1000000 -> 119.4897
A22: ='Texas pop'!A118 -> 2034 | B22: ='Texas pop'!B118 -> 34032183 | C22: ='Texas pop'!C118 -> 2458266.9 | D22: ='Texas pop'!D118 -> 2458266.9 | E22: ='Texas pop'!E118 -> 365573.75 | F22: =E22*$C$46*$D$45/1000000000 -> 5.0799064 | G22: =E22/1000*$D$41/0.9/1000 -> 210.71653 | H22: =E22*$D$41/1000 -> 189644.88 | I22: =H22/$D$42*$D$43 -> 37533.882 | J22: =$D$45*E22/1000 -> 70383.915 | K22: =J22-I21 -> 35949.161 | L22: =O22 -> 985.18519 | M22: =I21/J22*P22+K22/J22*O22 -> 1355.563 | N22: 5.32 | O22: =$H$50/2.7*N22 -> 985.18519 | P22: =P21*(1-0.01) -> 1742.2296 | Q22: =M22/L22 -> 1.3759474 | R22: =$E22*I$2/1000000 -> 5.1795993 | S22: =$E22*J$2/1000000 -> 4.8388362 | T22: =$E22*K$2/1000000 -> 7.2923306 | U22: =$E22*L$2/1000000 -> 0.47706836 | V22: =$E22*M$2/1000000 -> 0.47706836 | W22: =$E22*N$2/1000000 -> 0.95413671 | X22: =$E22*P$2/1000000 -> 0.95413671 | Y22: =$E22*Q$2/1000000 -> 0.95413671 | Z22: =$E22*R$2/1000000 -> 0.74967885 | AA22: =$E22*S$2/1000000 -> 4.7706836 | AB22: =$E22*T$2/1000000 -> 2.3853418 | AC22: =$E22*U$2/1000000 -> 1.1585946 | AD22: =$E22*V$2/1000000 -> 12.335625 | AE22: =$E22*W$2/1000000 -> 8.3146199 | ... AG22: =$E22*Y$2/1000000 -> 9.4050619 | AH22: =SUM(R22:AG22) -> 68.152622 | AI22: =$E22*AA$2 -> 2728054.8 | AJ22: =$E22*AB$2/1000000 -> 77.258511 | AK22: =$E22*AC$2/(42*1000) -> 195.60722 | AL22: =$E22*AD$2/1000 -> 31.099048 | AM22: =$E22*AE$2/1000000 -> 130.24377
A23: ='Texas pop'!A119 -> 2035 | B23: ='Texas pop'!B119 -> 34371116 | C23: ='Texas pop'!C119 -> 2823840.7 | D23: ='Texas pop'!D119 -> 2823840.7 | E23: ='Texas pop'!E119 -> 398475.39 | F23: =E23*$C$46*$D$45/1000000000 -> 5.537098 | G23: =E23/1000*$D$41/0.9/1000 -> 229.68102 | H23: =E23*$D$41/1000 -> 206712.91 | I23: =H23/$D$42*$D$43 -> 40911.931 | J23: =$D$45*E23/1000 -> 76718.467 | K23: =J23-I22 -> 39184.585 | L23: =O23 -> 994.44444 | M23: =I22/J23*P23+K23/J23*O23 -> 1351.7685 | N23: 5.37 | O23: =$H$50/2.7*N23 -> 994.44444 | P23: =P22*(1-0.01) -> 1724.8073 | Q23: =M23/L23 -> 1.3593203 | R23: =$E23*I$2/1000000 -> 5.6457632 | S23: =$E23*J$2/1000000 -> 5.2743314 | T23: =$E23*K$2/1000000 -> 7.9486403 | U23: =$E23*L$2/1000000 -> 0.52000451 | V23: =$E23*M$2/1000000 -> 0.52000451 | W23: =$E23*N$2/1000000 -> 1.040009 | X23: =$E23*P$2/1000000 -> 1.040009 | Y23: =$E23*Q$2/1000000 -> 1.040009 | Z23: =$E23*R$2/1000000 -> 0.81714994 | AA23: =$E23*S$2/1000000 -> 5.2000451 | AB23: =$E23*T$2/1000000 -> 2.6000225 | AC23: =$E23*U$2/1000000 -> 1.2628681 | AD23: =$E23*V$2/1000000 -> 13.445831 | AE23: =$E23*W$2/1000000 -> 9.0629357 | ... AG23: =$E23*Y$2/1000000 -> 10.251517 | AH23: =SUM(R23:AG23) -> 74.286358 | AI23: =$E23*AA$2 -> 2973579.7 | AJ23: =$E23*AB$2/1000000 -> 84.211777 | AK23: =$E23*AC$2/(42*1000) -> 213.21187 | AL23: =$E23*AD$2/1000 -> 33.897963 | AM23: =$E23*AE$2/1000000 -> 141.96571
A24: ='Texas pop'!A120 -> 2036 | B24: ='Texas pop'!B120 -> 34710049 | C24: ='Texas pop'!C120 -> 3222316.1 | D24: ='Texas pop'!D120 -> 3210416.1 | E24: ='Texas pop'!E120 -> 434338.18 | F24: =E24*$C$46*$D$45/1000000000 -> 6.0354368 | G24: =E24/1000*$D$41/0.9/1000 -> 250.35231 | H24: =E24*$D$41/1000 -> 225317.08 | I24: =H24/$D$42*$D$43 -> 44594.005 | J24: =$D$45*E24/1000 -> 83623.129 | K24: =J24-I23 -> 42711.198 | L24: =O24 -> 962.96296 | M24: =I23/J24*P24+K24/J24*O24 -> 1327.2506 | N24: 5.2 | O24: =$H$50/2.7*N24 -> 962.96296 | P24: =P23*(1-0.01) -> 1707.5592 | Q24: =M24/L24 -> 1.3782987 | R24: =$E24*I$2/1000000 -> 6.1538819 | S24: =$E24*J$2/1000000 -> 5.7490213 | T24: =$E24*K$2/1000000 -> 8.664018 | U24: =$E24*L$2/1000000 -> 0.56680491 | V24: =$E24*M$2/1000000 -> 0.56680491 | W24: =$E24*N$2/1000000 -> 1.1336098 | X24: =$E24*P$2/1000000 -> 1.1336098 | Y24: =$E24*Q$2/1000000 -> 1.1336098 | Z24: =$E24*R$2/1000000 -> 0.89069344 | AA24: =$E24*S$2/1000000 -> 5.6680491 | AB24: =$E24*T$2/1000000 -> 2.8340246 | AC24: =$E24*U$2/1000000 -> 1.3765262 | AD24: =$E24*V$2/1000000 -> 14.655956 | AE24: =$E24*W$2/1000000 -> 9.8785999 | ... AG24: =$E24*Y$2/1000000 -> 11.174154 | AH24: =SUM(R24:AG24) -> 80.972131 | AI24: =$E24*AA$2 -> 3241201.9 | AJ24: =$E24*AB$2/1000000 -> 91.790837 | AK24: =$E24*AC$2/(42*1000) -> 232.40094 | AL24: =$E24*AD$2/1000 -> 36.948779 | AM24: =$E24*AE$2/1000000 -> 154.74262
... A38: ='Texas pop'!A134 -> 2050 | B38: ='Texas pop'!B134 -> 39455106 | C38: ='Texas pop'!C134 -> 12569590 | D38: ='Texas pop'!D134 -> 11045098 | E38: ='Texas pop'!E134 -> 907543.37 | F38: =E38*$C$46*$D$45/1000000000 -> 12.610958 | G38: =E38/1000*$D$41/0.9/1000 -> 523.10754 | H38: =E38*$D$41/1000 -> 470796.79 | I38: =H38/$D$42*$D$43 -> 93178.531 | J38: =$D$45*E38/1000 -> 174729.32 | K38: =J38-I37 -> 85134.583 | L38: =O38 -> 1000 | M38: =I37/J38*P38+K38/J38*O38 -> 1247.8876 | N38: 5.4 | O38: =$H$50/2.7*N38 -> 1000 | P38: =P37*(1-0.01) -> 1483.4349 | Q38: =M38/L38 -> 1.2478876 | R38: =$E38*I$2/1000000 -> 12.858448 | S38: =$E38*J$2/1000000 -> 12.012497 | T38: =$E38*K$2/1000000 -> 18.103341 | U38: =$E38*L$2/1000000 -> 1.1843307 | V38: =$E38*M$2/1000000 -> 1.1843307 | W38: =$E38*N$2/1000000 -> 2.3686614 | X38: =$E38*P$2/1000000 -> 2.3686614 | Y38: =$E38*Q$2/1000000 -> 2.3686614 | Z38: =$E38*R$2/1000000 -> 1.8610911 | AA38: =$E38*S$2/1000000 -> 11.843307 | AB38: =$E38*T$2/1000000 -> 5.9216536 | AC38: =$E38*U$2/1000000 -> 2.8762317 | AD38: =$E38*V$2/1000000 -> 30.623408 | AE38: =$E38*W$2/1000000 -> 20.641192 | ... AG38: =$E38*Y$2/1000000 -> 23.348234 | AH38: =SUM(R38:AG38) -> 169.1901 | AI38: =$E38*AA$2 -> 6772444.7 | AJ38: =$E38*AB$2/1000000 -> 191.79563 | AK38: =$E38*AC$2/(42*1000) -> 485.59842 | AL38: =$E38*AD$2/1000 -> 77.203943 | AM38: =$E38*AE$2/1000000 -> 323.33249
A39: ='Texas pop'!A135 -> 0 | B39: ='Texas pop'!B135 -> 0 | C39: ='Texas pop'!C135 -> 11036698 | D39: ='Texas pop'!D135 -> 12577990 | E39: ='Texas pop'!E135 -> 12569590 | F39: =E39*$C$46*$D$45/1000000000 -> 174.66336 | G39: =E39/1000*$D$41/0.9/1000 -> 7245.1055 | J39: =$E39*I$2 -> 1.7809113e+08 | K39: =$E39*J$2 -> 1.663746e+08 | M39: =$E39*K$2 -> 2.5073356e+08 | N39: =$E39*L$2 -> 16403130 | O39: =$E39*M$2 -> 16403130 | Q39: =$E39*N$2 -> 32806260 | R39: =$E39*P$2 -> 32806260 | S39: =$E39*Q$2 -> 32806260 | T39: =$E39*R$2 -> 25776347 | U39: =$E39*S$2 -> 1.640313e+08 | V39: =$E39*T$2 -> 82015650 | W39: =$E39*U$2 -> 39836173 | X39: =$E39*V$2 -> 4.2413807e+08 | Y39: =$E39*W$2 -> 2.8588312e+08 | ... AA39: =$E39*Y$2 -> 3.2337599e+08
A40: ='Texas pop'!A136 -> 0 | B40: ='Texas pop'!B136 -> 13427775 | C40: ='Texas pop'!C136 -> 0 | D40: ='Texas pop'!D136 -> 0 | E40: ='Texas pop'!E136 -> 0 | K40: https://www.eia.gov/dnav/ng/hist/n3035tx3m.htm
B41: 2029 | C41: Emissions (kg/car) | D41: =576.3995*0.9 -> 518.75955 | E41: =E17*D41/1000 -> 115818.29 | K41: https://www.naturalgasintel.com/natural-gas-to-become-worlds-primary-fossil-fuel-by-2050-says-gas-exporting-countries-forum/
C42: ROCM | D42: 4.8 | E42: =E41/7.2 -> 16085.873 | F42: TONS OF ETHYLENE
C43: YIELD | D43: 0.95 | E43: =E42*D43 -> 15281.579 | F43: TONS OF POLYETHYLENE | I43: Table 7. Average Value of Plastics & Polymer Composites ($/vehicle)
B44: KG OF PE/CAR | D44: 8.09 | E44: =E17*D44/1000 -> 1806.1738 | F44: TONS IN 2029 REQ FOR PE | I44: 2021 | J44: 710 | K44: https://plasticmakers.org/wp-content/uploads/2023/02/Chemistry-and-Automobiles-March-2023.pdf
B45: KG OF PLASTIC/CAR | D45: 192.53 | E45: =D45*E18/1000 -> 49861.74 | F45: TONS IN 2029 REQ GENERAL | J45: =J51*J44 -> 1124.0178 | L45: 45717
A46: GREET | B46: Total MJ/kg plastic | C46: 72.174252 | I46: RANGES $15,000 to $25,000 USD | L46: =L45-J44+J45 -> 46131.018 | M46: =L46/L45-1 -> 0.0090561013 | N46: INCREMENT OF 2.84% IN THE CAR PRICE (25000)
D47: IF WHOLE CAR WAS PE, TONS REQ | N47: https://www.wfaa.com/article/money/business/right-on-the-money/as-auto-prices-soar-across-check-your-auto-insurance/287-db5a20d6-5bd7-45c4-a870-d48c8491a352#:~:text=As%20auto%20prices%20soar%20across,costs%20almost%20%2430%2C000%20(%2429%2C969%20).
D48: FROM 2029 I CAN PRODUCE | F48: BY 2030 I NEED | H48: FROM NG I NEED | J48: FINAL PRICE/ TON PLASTIC (NO EMISSIONS)
D49: =E43 -> 15281.579 | F49: =E45 -> 49861.74 | H49: =F49-D49 -> 34580.16
B50: PRICES PER TON | D50: 1963.499 | H50: 500 | J50: =D49/$F$49*D50+H49/$F$49*H50 -> 948.5318
J51: =Q13 -> 1.5831236
J52: 2.0632836 | K52: 100% CCUS (90% YIELD)
J53: 1.8506269 | K53: 80% CCUS (90% YIELD)
J54: 1.6379702 | K54: 60% CCUS (90% YIELD)
J55: 1.4253135 | K55: 40% CCUS (90% YIELD)
J56: 1.2126567 | K56: 40% CCUS (90% YIELD)
J57: 1 | K57: 0% CCUS (90% YIELD)

Sheet Plastics CCUS_ROCM
W1: Natural gas thousand cu ft/car | X1: Natural gas Million (m3)/car | Y1: Crude oil gal/car | Z1: Crude oil Thousands (m3)/car | AA1: Electricity kWh/car | AC1: ng mass
E2: Value/car | I2: 14.168411 | J2: 13.236279 | K2: 19.947632 | L2: 1.3049853 | M2: 1.3049853 | N2: 2.6099705 | P2: 2.6099705 | Q2: 2.6099705 | R2: 2.0506911 | S2: 13.049853 | T2: 6.5249263 | U2: 3.1692499 | V2: 33.74319 | W2: 22.744029 | X2: 21.62547 | Y2: 25.726852 | AA2: 7.4623924 | AB2: =28.32*7.46239236299982 -> 211.33495 | AC2: 22.472903 | AD2: =0.00378541*22.4729025711425 -> 0.08506915 | AE2: 356.27222 | AG2: 2636.4 | AH2: 50000
A3: ='Texas pop'!A99 -> Year | B3: ='Texas pop'!B99 -> Population | C3: ='Texas pop'!C99 -> EVs | D3: ='Texas pop'!D99 -> EVs w retirement | E3: ='Texas pop'!E99 -> Sales Difference/New cars | F3: ENERGY REQUIRED [PJ] | G3: TONS OF CO2 EMITTED | H3: TONS OF CO2 CAPTURED | I3: TONS OF PE PRODUCED THROGH CCUS | J3: "TONS REQ" | K3: DELTA (NG NEEDED) | L3: FINAL PRICE/ TON PLASTIC CONVENTIONAL | M3: FINAL PRICE/ TON PLASTIC NO EMISSIONS | N3: JANUARY NG PRICE BASED (USD/THOUSAND CU FT) | O3: NG PRICE/TON PLASTIC | P3: CCUS PRICE | Q3: RATIO COST NO EMI/EM | R3: ABS | S3: EPDM | T3: LER | U3: GPPS | V3: HIPS | W3: HDPE | X3: LDPE | Y3: LLDPE | Z3: Nylon 6 | AA3: Nylon 66 | AB3: PC | AC3: PET | AD3: PP | AE3: FPUR foam | AF3: RPUR foam | AG3: PVC | AH3: Total | AI3: NG | AJ3: NG | AK3: Crude oil | AM3: Electricity | AO3: =AP3*AG2/AH2 -> 393.47702 | AP3: =7.46239236299982*1000 -> 7462.3924
A4: ='Texas pop'!A100 -> 2016 | B4: ='Texas pop'!B100 -> 27914064 | C4: ='Texas pop'!C100 -> 11900 | D4: ='Texas pop'!D100 -> 11900 | E4: ='Texas pop'!E100 -> 4200 | F4: =E4*$C$46*$D$45/1000000000 -> 0.058361977 | G4: =E4/1000*$D$41/0.9/1000 -> 2.4208779 | H4: 0 | I4: =H4/$D$42*$D$43 -> 0 | J4: =$D$45*E4/1000 -> 808.626 | L4: =O4 -> 453.7037 | M4: =O4 -> 453.7037 | N4: 2.45 | O4: =$H$50/2.7*N4 -> 453.7037 | P4: =P5/D43 -> 2478.5485 | Q4: =M4/L4 -> 1 | R4: =$E4*I$2/1000000 -> 0.059507328 | S4: =$E4*J$2/1000000 -> 0.055592372 | T4: =$E4*K$2/1000000 -> 0.083780053 | U4: =$E4*L$2/1000000 -> 0.0054809381 | V4: =$E4*M$2/1000000 -> 0.0054809381 | W4: =$E4*N$2/1000000 -> 0.010961876 | X4: =$E4*P$2/1000000 -> 0.010961876 | Y4: =$E4*Q$2/1000000 -> 0.010961876 | Z4: =$E4*R$2/1000000 -> 0.0086129027 | AA4: =$E4*S$2/1000000 -> 0.054809381 | AB4: =$E4*T$2/1000000 -> 0.02740469 | AC4: =$E4*U$2/1000000 -> 0.01331085 | AD4: =$E4*V$2/1000000 -> 0.1417214 | AE4: =$E4*W$2/1000000 -> 0.095524921 | ... AG4: =$E4*Y$2/1000000 -> 0.10805278 | AH4: =SUM(R4:AG4) -> 0.78299115 | AI4: =$E4*AA$2 -> 31342.048 | AJ4: =$E4*AB$2/1000000 -> 0.8876068 | AK4: =$E4*AC$2/(42*1000) -> 2.2472903 | AL4: =$E4*AD$2/1000 -> 0.35729043 | AM4: =$E4*AE$2/1000000 -> 1.4963433 | AO4: =AO3*AP5 -> 178.47803 | AP4: kgs
A5: ='Texas pop'!A101 -> 2017 | B5: ='Texas pop'!B101 -> 28291024 | C5: ='Texas pop'!C101 -> 16100 | D5: ='Texas pop'!D101 -> 16100 | E5: ='Texas pop'!E101 -> 8400 | F5: =E5*$C$46*$D$45/1000000000 -> 0.11672395 | G5: =E5/1000*$D$41/0.9/1000 -> 4.8417558 | H5: 0 | I5: =H5/$D$42*$D$43 -> 0 | J5: =$D$45*E5/1000 -> 1617.252 | K5: =J5-I4 -> 1617.252 | L5: =O5 -> 711.11111 | M5: =O5 -> 711.11111 | N5: 3.84 | O5: =$H$50/2.7*N5 -> 711.11111 | P5: =D50/D43 -> 2354.6211 | Q5: =M5/L5 -> 1 | R5: =$E5*I$2/1000000 -> 0.11901466 | S5: =$E5*J$2/1000000 -> 0.11118474 | T5: =$E5*K$2/1000000 -> 0.16756011 | U5: =$E5*L$2/1000000 -> 0.010961876 | V5: =$E5*M$2/1000000 -> 0.010961876 | W5: =$E5*N$2/1000000 -> 0.021923752 | X5: =$E5*P$2/1000000 -> 0.021923752 | Y5: =$E5*Q$2/1000000 -> 0.021923752 | Z5: =$E5*R$2/1000000 -> 0.017225805 | AA5: =$E5*S$2/1000000 -> 0.10961876 | AB5: =$E5*T$2/1000000 -> 0.054809381 | AC5: =$E5*U$2/1000000 -> 0.026621699 | AD5: =$E5*V$2/1000000 -> 0.2834428 | AE5: =$E5*W$2/1000000 -> 0.19104984 | ... AG5: =$E5*Y$2/1000000 -> 0.21610556 | AH5: =SUM(R5:AG5) -> 1.5659823 | AI5: =$E5*AA$2 -> 62684.096 | AJ5: =$E5*AB$2/1000000 -> 1.7752136 | AK5: =$E5*AC$2/(42*1000) -> 4.4945805 | AL5: =$E5*AD$2/1000 -> 0.71458086 | AM5: =$E5*AE$2/1000000 -> 2.9926866 | AO5: lbs to kg | AP5: 0.453592
A6: ='Texas pop'!A102 -> 2018 | B6: ='Texas pop'!B102 -> 28624564 | C6: ='Texas pop'!C102 -> 24500 | D6: ='Texas pop'!D102 -> 24500 | E6: ='Texas pop'!E102 -> 13900 | F6: =E6*$C$46*$D$45/1000000000 -> 0.19315035 | G6: =E6/1000*$D$41/0.9/1000 -> 8.0119531 | H6: 0 | I6: =H6/$D$42*$D$43 -> 0 | J6: =$D$45*E6/1000 -> 2676.167 | K6: =J6-I5 -> 2676.167 | L6: =O6 -> 620.37037 | M6: =O6 -> 620.37037 | N6: 3.35 | O6: =$H$50/2.7*N6 -> 620.37037 | P6: =P5*(1-0.01) -> 2331.0748 | Q6: =M6/L6 -> 1 | R6: =$E6*I$2/1000000 -> 0.19694092 | S6: =$E6*J$2/1000000 -> 0.18398428 | T6: =$E6*K$2/1000000 -> 0.27727208 | U6: =$E6*L$2/1000000 -> 0.018139295 | V6: =$E6*M$2/1000000 -> 0.018139295 | W6: =$E6*N$2/1000000 -> 0.03627859 | X6: =$E6*P$2/1000000 -> 0.03627859 | Y6: =$E6*Q$2/1000000 -> 0.03627859 | Z6: =$E6*R$2/1000000 -> 0.028504607 | AA6: =$E6*S$2/1000000 -> 0.18139295 | AB6: =$E6*T$2/1000000 -> 0.090696475 | AC6: =$E6*U$2/1000000 -> 0.044052574 | AD6: =$E6*V$2/1000000 -> 0.46903034 | AE6: =$E6*W$2/1000000 -> 0.316142 | ... AG6: =$E6*Y$2/1000000 -> 0.35760325 | AH6: =SUM(R6:AG6) -> 2.5913279 | AI6: =$E6*AA$2 -> 103727.25 | AJ6: =$E6*AB$2/1000000 -> 2.9375558 | AK6: =$E6*AC$2/(42*1000) -> 7.4374606 | AL6: =$E6*AD$2/1000 -> 1.1824612 | AM6: =$E6*AE$2/1000000 -> 4.9521838
A7: ='Texas pop'!A103 -> 2019 | B7: ='Texas pop'!B103 -> 28986794 | C7: ='Texas pop'!C103 -> 38400 | D7: ='Texas pop'!D103 -> 38400 | E7: ='Texas pop'!E103 -> 13800 | F7: =E7*$C$46*$D$45/1000000000 -> 0.19176078 | G7: =E7/1000*$D$41/0.9/1000 -> 7.9543131 | H7: 0 | I7: =H7/$D$42*$D$43 -> 0 | J7: =$D$45*E7/1000 -> 2656.914 | K7: =J7-I6 -> 2656.914 | L7: =O7 -> 725.92593 | M7: =O7 -> 725.92593 | N7: 3.92 | O7: =$H$50/2.7*N7 -> 725.92593 | P7: =P6*(1-0.01) -> 2307.7641 | Q7: =M7/L7 -> 1 | R7: =$E7*I$2/1000000 -> 0.19552408 | S7: =$E7*J$2/1000000 -> 0.18266065 | T7: =$E7*K$2/1000000 -> 0.27527732 | U7: =$E7*L$2/1000000 -> 0.018008797 | V7: =$E7*M$2/1000000 -> 0.018008797 | W7: =$E7*N$2/1000000 -> 0.036017593 | X7: =$E7*P$2/1000000 -> 0.036017593 | Y7: =$E7*Q$2/1000000 -> 0.036017593 | Z7: =$E7*R$2/1000000 -> 0.028299537 | AA7: =$E7*S$2/1000000 -> 0.18008797 | AB7: =$E7*T$2/1000000 -> 0.090043983 | AC7: =$E7*U$2/1000000 -> 0.043735649 | AD7: =$E7*V$2/1000000 -> 0.46565602 | AE7: =$E7*W$2/1000000 -> 0.3138676 | ... AG7: =$E7*Y$2/1000000 -> 0.35503056 | AH7: =SUM(R7:AG7) -> 2.5726852 | AI7: =$E7*AA$2 -> 102981.01 | AJ7: =$E7*AB$2/1000000 -> 2.9164223 | AK7: =$E7*AC$2/(42*1000) -> 7.3839537 | AL7: =$E7*AD$2/1000 -> 1.1739543 | AM7: =$E7*AE$2/1000000 -> 4.9165566 | AO7: oil mass
A8: ='Texas pop'!A104 -> 2020 | B8: ='Texas pop'!B104 -> 29232474 | C8: ='Texas pop'!C104 -> 52200 | D8: ='Texas pop'!D104 -> 52200 | E8: ='Texas pop'!E104 -> 28700 | F8: =E8*$C$46*$D$45/1000000000 -> 0.39880684 | G8: =E8/1000*$D$41/0.9/1000 -> 16.542666 | H8: 0 | I8: =H8/$D$42*$D$43 -> 0 | J8: =$D$45*E8/1000 -> 5525.611 | K8: =J8-I7 -> 5525.611 | L8: =O8 -> 429.62963 | M8: =O8 -> 429.62963 | N8: 2.32 | O8: =$H$50/2.7*N8 -> 429.62963 | P8: =P7*(1-0.01) -> 2284.6865 | Q8: =M8/L8 -> 1 | R8: =$E8*I$2/1000000 -> 0.40663341 | S8: =$E8*J$2/1000000 -> 0.37988121 | T8: =$E8*K$2/1000000 -> 0.57249703 | U8: =$E8*L$2/1000000 -> 0.037453077 | V8: =$E8*M$2/1000000 -> 0.037453077 | W8: =$E8*N$2/1000000 -> 0.074906154 | X8: =$E8*P$2/1000000 -> 0.074906154 | Y8: =$E8*Q$2/1000000 -> 0.074906154 | Z8: =$E8*R$2/1000000 -> 0.058854835 | AA8: =$E8*S$2/1000000 -> 0.37453077 | AB8: =$E8*T$2/1000000 -> 0.18726538 | AC8: =$E8*U$2/1000000 -> 0.090957472 | AD8: =$E8*V$2/1000000 -> 0.96842956 | AE8: =$E8*W$2/1000000 -> 0.65275362 | ... AG8: =$E8*Y$2/1000000 -> 0.73836066 | AH8: =SUM(R8:AG8) -> 5.3504395 | AI8: =$E8*AA$2 -> 214170.66 | AJ8: =$E8*AB$2/1000000 -> 6.0653131 | AK8: =$E8*AC$2/(42*1000) -> 15.356483 | AL8: =$E8*AD$2/1000 -> 2.4414846 | AM8: =$E8*AE$2/1000000 -> 10.225013 | AO8: 7.2 | AP8: =AO8*AC2 -> 161.8049
A9: ='Texas pop'!A105 -> 2021 | B9: ='Texas pop'!B105 -> 29558864 | C9: ='Texas pop'!C105 -> 80900 | D9: ='Texas pop'!D105 -> 80900 | E9: ='Texas pop'!E105 -> 68100 | F9: =E9*$C$46*$D$45/1000000000 -> 0.94629776 | G9: =E9/1000*$D$41/0.9/1000 -> 39.252806 | H9: 0 | I9: =H9/$D$42*$D$43 -> 0 | J9: =$D$45*E9/1000 -> 13111.293 | K9: =J9-I8 -> 13111.293 | L9: =O9 -> 511.11111 | M9: =O9 -> 511.11111 | N9: 2.76 | O9: =$H$50/2.7*N9 -> 511.11111 | P9: =P8*(1-0.01) -> 2261.8396 | Q9: =M9/L9 -> 1 | R9: =$E9*I$2/1000000 -> 0.96486881 | S9: =$E9*J$2/1000000 -> 0.9013906 | T9: =$E9*K$2/1000000 -> 1.3584337 | U9: =$E9*L$2/1000000 -> 0.088869496 | V9: =$E9*M$2/1000000 -> 0.088869496 | W9: =$E9*N$2/1000000 -> 0.17773899 | X9: =$E9*P$2/1000000 -> 0.17773899 | Y9: =$E9*Q$2/1000000 -> 0.17773899 | Z9: =$E9*R$2/1000000 -> 0.13965206 | AA9: =$E9*S$2/1000000 -> 0.88869496 | AB9: =$E9*T$2/1000000 -> 0.44434748 | AC9: =$E9*U$2/1000000 -> 0.21582592 | AD9: =$E9*V$2/1000000 -> 2.2979113 | AE9: =$E9*W$2/1000000 -> 1.5488684 | ... AG9: =$E9*Y$2/1000000 -> 1.7519986 | AH9: =SUM(R9:AG9) -> 12.695642 | AI9: =$E9*AA$2 -> 508188.92 | AJ9: =$E9*AB$2/1000000 -> 14.39191 | AK9: =$E9*AC$2/(42*1000) -> 36.438206 | AL9: =$E9*AD$2/1000 -> 5.7932091 | AM9: =$E9*AE$2/1000000 -> 24.262138 | AO9: kgs | AP9: =AP5*AP8 -> 73.393408
A10: ='Texas pop'!A106 -> 2022 | B10: ='Texas pop'!B106 -> 30029572 | C10: ='Texas pop'!C106 -> 149000 | D10: ='Texas pop'!D106 -> 149000 | E10: ='Texas pop'!E106 -> 78996 | F10: =E10*$C$46*$D$45/1000000000 -> 1.0977054 | G10: =E10/1000*$D$41/0.9/1000 -> 45.533255 | H10: 0 | I10: =H10/$D$42*$D$43 -> 0 | J10: =$D$45*E10/1000 -> 15209.1 | K10: =J10-I9 -> 15209.1 | L10: =O10 -> 901.85185 | M10: =O10 -> 901.85185 | N10: 4.87 | O10: =$H$50/2.7*N10 -> 901.85185 | P10: =P9*(1-0.01) -> 2239.2212 | Q10: =M10/L10 -> 1 | R10: =$E10*I$2/1000000 -> 1.1192478 | S10: =$E10*J$2/1000000 -> 1.0456131 | T10: =$E10*K$2/1000000 -> 1.5757831 | U10: =$E10*L$2/1000000 -> 0.10308862 | V10: =$E10*M$2/1000000 -> 0.10308862 | W10: =$E10*N$2/1000000 -> 0.20617723 | X10: =$E10*P$2/1000000 -> 0.20617723 | Y10: =$E10*Q$2/1000000 -> 0.20617723 | Z10: =$E10*R$2/1000000 -> 0.1619964 | AA10: =$E10*S$2/1000000 -> 1.0308862 | AB10: =$E10*T$2/1000000 -> 0.51544308 | AC10: =$E10*U$2/1000000 -> 0.25035807 | AD10: =$E10*V$2/1000000 -> 2.6655771 | AE10: =$E10*W$2/1000000 -> 1.7966873 | ... AG10: =$E10*Y$2/1000000 -> 2.0323184 | AH10: =SUM(R10:AG10) -> 14.726945 | AI10: =$E10*AA$2 -> 589499.15 | AJ10: =$E10*AB$2/1000000 -> 16.694616 | AK10: =$E10*AC$2/(42*1000) -> 42.268319 | AL10: =$E10*AD$2/1000 -> 6.7201226 | AM10: =$E10*AE$2/1000000 -> 28.14408 | AO10: kgs | AP10: =AO4+AP9 -> 251.87144
A11: ='Texas pop'!A107 -> 2023 | B11: ='Texas pop'!B107 -> 30303924 | C11: ='Texas pop'!C107 -> 227996 | D11: ='Texas pop'!D107 -> 227996 | E11: ='Texas pop'!E107 -> 91635.36 | F11: =E11*$C$46*$D$45/1000000000 -> 1.2733383 | G11: =E11/1000*$D$41/0.9/1000 -> 52.818576 | H11: 0 | I11: =H11/$D$42*$D$43 -> 0 | J11: =$D$45*E11/1000 -> 17642.556 | K11: =J11-I10 -> 17642.556 | L11: =O11 -> 831.48148 | M11: =O11 -> 831.48148 | N11: 4.49 | O11: =$H$50/2.7*N11 -> 831.48148 | P11: =P10*(1-0.01) -> 2216.829 | Q11: =M11/L11 -> 1 | R11: =$E11*I$2/1000000 -> 1.2983275 | S11: =$E11*J$2/1000000 -> 1.2129112 | T11: =$E11*K$2/1000000 -> 1.8279084 | U11: =$E11*L$2/1000000 -> 0.11958279 | V11: =$E11*M$2/1000000 -> 0.11958279 | W11: =$E11*N$2/1000000 -> 0.23916559 | X11: =$E11*P$2/1000000 -> 0.23916559 | Y11: =$E11*Q$2/1000000 -> 0.23916559 | Z11: =$E11*R$2/1000000 -> 0.18791582 | AA11: =$E11*S$2/1000000 -> 1.1958279 | AB11: =$E11*T$2/1000000 -> 0.59791397 | AC11: =$E11*U$2/1000000 -> 0.29041536 | AD11: =$E11*V$2/1000000 -> 3.0920694 | AE11: =$E11*W$2/1000000 -> 2.0841573 | ... AG11: =$E11*Y$2/1000000 -> 2.3574894 | AH11: =SUM(R11:AG11) -> 17.083256 | AI11: =$E11*AA$2 -> 683819.01 | AJ11: =$E11*AB$2/1000000 -> 19.365754 | AK11: =$E11*AC$2/(42*1000) -> 49.03125 | AL11: =$E11*AD$2/1000 -> 7.7953422 | AM11: =$E11*AE$2/1000000 -> 32.647133 | AO11: final | AP11: 186.43
A12: ='Texas pop'!A108 -> 2024 | B12: ='Texas pop'!B108 -> 30642857 | C12: ='Texas pop'!C108 -> 319631.36 | D12: ='Texas pop'!D108 -> 319631.36 | E12: ='Texas pop'!E108 -> 106297.02 | F12: =E12*$C$46*$D$45/1000000000 -> 1.4770724 | G12: =E12/1000*$D$41/0.9/1000 -> 61.269548 | H12: =E12*$D$41/1000 -> 55142.593 | I12: =H12/$D$42*$D$43 -> 7275.7588 | J12: =$D$45*E12/1000 -> 20465.365 | K12: =J12-I11 -> 20465.365 | L12: =O12 -> 833.33333 | M12: =I11/J12*P12+K12/J12*O12 -> 833.33333 | N12: 4.5 | O12: =$H$50/2.7*N12 -> 833.33333 | P12: =P11*(1-0.01) -> 2194.6607 | Q12: =M12/L12 -> 1 | R12: =$E12*I$2/1000000 -> 1.5060599 | S12: =$E12*J$2/1000000 -> 1.406977 | T12: =$E12*K$2/1000000 -> 2.1203738 | U12: =$E12*L$2/1000000 -> 0.13871604 | V12: =$E12*M$2/1000000 -> 0.13871604 | W12: =$E12*N$2/1000000 -> 0.27743208 | X12: =$E12*P$2/1000000 -> 0.27743208 | Y12: =$E12*Q$2/1000000 -> 0.27743208 | Z12: =$E12*R$2/1000000 -> 0.21798235 | AA12: =$E12*S$2/1000000 -> 1.3871604 | AB12: =$E12*T$2/1000000 -> 0.6935802 | AC12: =$E12*U$2/1000000 -> 0.33688181 | AD12: =$E12*V$2/1000000 -> 3.5868005 | AE12: =$E12*W$2/1000000 -> 2.4176224 | ... AG12: =$E12*Y$2/1000000 -> 2.7346877 | AH12: =SUM(R12:AG12) -> 19.816577 | AI12: =$E12*AA$2 -> 793230.05 | AJ12: =$E12*AB$2/1000000 -> 22.464275 | AK12: =$E12*AC$2/(42*1000) -> 56.87625 | AL12: =$E12*AD$2/1000 -> 9.0425969 | AM12: =$E12*AE$2/1000000 -> 37.870674 | AO12: Mass req/kg output | AP12: =AP10/AP11 -> 1.3510242
A13: ='Texas pop'!A109 -> 2025 | B13: ='Texas pop'!B109 -> 30981790 | C13: ='Texas pop'!C109 -> 425928.38 | D13: ='Texas pop'!D109 -> 425928.38 | E13: ='Texas pop'!E109 -> 123304.54 | F13: =E13*$C$46*$D$45/1000000000 -> 1.713404 | G13: =E13/1000*$D$41/0.9/1000 -> 71.072675 | H13: =E13*$D$41/1000 -> 63965.408 | I13: =H13/$D$42*$D$43 -> 8439.8802 | J13: =$D$45*E13/1000 -> 23739.823 | K13: =J13-I12 -> 16464.064 | L13: =O13 -> 840.74074 | M13: =I12/J13*P13+K13/J13*O13 -> 1248.9627 | N13: 4.54 | O13: =$H$50/2.7*N13 -> 840.74074 | P13: =P12*(1-0.01) -> 2172.7141 | Q13: =M13/L13 -> 1.4855503 | R13: =$E13*I$2/1000000 -> 1.7470294 | S13: =$E13*J$2/1000000 -> 1.6320933 | T13: =$E13*K$2/1000000 -> 2.4596336 | U13: =$E13*L$2/1000000 -> 0.16091061 | V13: =$E13*M$2/1000000 -> 0.16091061 | W13: =$E13*N$2/1000000 -> 0.32182121 | X13: =$E13*P$2/1000000 -> 0.32182121 | Y13: =$E13*Q$2/1000000 -> 0.32182121 | Z13: =$E13*R$2/1000000 -> 0.25285953 | AA13: =$E13*S$2/1000000 -> 1.6091061 | AB13: =$E13*T$2/1000000 -> 0.80455304 | AC13: =$E13*U$2/1000000 -> 0.3907829 | AD13: =$E13*V$2/1000000 -> 4.1606886 | AE13: =$E13*W$2/1000000 -> 2.804442 | ... AG13: =$E13*Y$2/1000000 -> 3.1722377 | AH13: =SUM(R13:AG13) -> 22.98723 | AI13: =$E13*AA$2 -> 920146.86 | AJ13: =$E13*AB$2/1000000 -> 26.058559 | AK13: =$E13*AC$2/(42*1000) -> 65.976451 | AL13: =$E13*AD$2/1000 -> 10.489412 | AM13: =$E13*AE$2/1000000 -> 43.929982
A14: ='Texas pop'!A110 -> 2026 | B14: ='Texas pop'!B110 -> 31320722 | C14: ='Texas pop'!C110 -> 549232.92 | D14: ='Texas pop'!D110 -> 549232.92 | E14: ='Texas pop'!E110 -> 143033.27 | F14: =E14*$C$46*$D$45/1000000000 -> 1.9875486 | G14: =E14/1000*$D$41/0.9/1000 -> 82.444304 | H14: =E14*$D$41/1000 -> 74199.873 | I14: =H14/$D$42*$D$43 -> 9790.261 | J14: =$D$45*E14/1000 -> 27538.195 | K14: =J14-I13 -> 19098.315 | L14: =O14 -> 848.14815 | M14: =I13/J14*P14+K14/J14*O14 -> 1247.441 | N14: 4.58 | O14: =$H$50/2.7*N14 -> 848.14815 | P14: =P13*(1-0.01) -> 2150.9869 | Q14: =M14/L14 -> 1.4707819 | R14: =$E14*I$2/1000000 -> 2.0265542 | S14: =$E14*J$2/1000000 -> 1.8932282 | T14: =$E14*K$2/1000000 -> 2.8531749 | U14: =$E14*L$2/1000000 -> 0.1866563 | V14: =$E14*M$2/1000000 -> 0.1866563 | W14: =$E14*N$2/1000000 -> 0.37331261 | X14: =$E14*P$2/1000000 -> 0.37331261 | Y14: =$E14*Q$2/1000000 -> 0.37331261 | Z14: =$E14*R$2/1000000 -> 0.29331705 | AA14: =$E14*S$2/1000000 -> 1.866563 | AB14: =$E14*T$2/1000000 -> 0.93328152 | AC14: =$E14*U$2/1000000 -> 0.45330817 | AD14: =$E14*V$2/1000000 -> 4.8263987 | AE14: =$E14*W$2/1000000 -> 3.2531527 | ... AG14: =$E14*Y$2/1000000 -> 3.6797957 | AH14: =SUM(R14:AG14) -> 26.665186 | AI14: =$E14*AA$2 -> 1067370.4 | AJ14: =$E14*AB$2/1000000 -> 30.227929 | AK14: =$E14*AC$2/(42*1000) -> 76.532683 | AL14: =$E14*AD$2/1000 -> 12.167718 | AM14: =$E14*AE$2/1000000 -> 50.958779
A15: ='Texas pop'!A111 -> 2027 | B15: ='Texas pop'!B111 -> 31659655 | C15: ='Texas pop'!C111 -> 692266.18 | D15: ='Texas pop'!D111 -> 692266.18 | E15: ='Texas pop'!E111 -> 165918.59 | F15: =E15*$C$46*$D$45/1000000000 -> 2.3055564 | G15: =E15/1000*$D$41/0.9/1000 -> 95.635392 | H15: =E15*$D$41/1000 -> 86071.853 | I15: =H15/$D$42*$D$43 -> 11356.703 | J15: =$D$45*E15/1000 -> 31944.306 | K15: =J15-I14 -> 22154.045 | L15: =O15 -> 888.88889 | M15: =I14/J15*P15+K15/J15*O15 -> 1269.1032 | N15: 4.8 | O15: =$H$50/2.7*N15 -> 888.88889 | P15: =P14*(1-0.01) -> 2129.4771 | Q15: =M15/L15 -> 1.4277411 | R15: =$E15*I$2/1000000 -> 2.3508028 | S15: =$E15*J$2/1000000 -> 2.1961447 | T15: =$E15*K$2/1000000 -> 3.3096829 | U15: =$E15*L$2/1000000 -> 0.21652131 | V15: =$E15*M$2/1000000 -> 0.21652131 | W15: =$E15*N$2/1000000 -> 0.43304263 | X15: =$E15*P$2/1000000 -> 0.43304263 | Y15: =$E15*Q$2/1000000 -> 0.43304263 | Z15: =$E15*R$2/1000000 -> 0.34024778 | AA15: =$E15*S$2/1000000 -> 2.1652131 | AB15: =$E15*T$2/1000000 -> 1.0826066 | AC15: =$E15*U$2/1000000 -> 0.52583747 | AD15: =$E15*V$2/1000000 -> 5.5986225 | AE15: =$E15*W$2/1000000 -> 3.7736572 | ... AG15: =$E15*Y$2/1000000 -> 4.268563 | AH15: =SUM(R15:AG15) -> 30.931616 | AI15: =$E15*AA$2 -> 1238149.6 | AJ15: =$E15*AB$2/1000000 -> 35.064397 | AK15: =$E15*AC$2/(42*1000) -> 88.777912 | AL15: =$E15*AD$2/1000 -> 14.114553 | AM15: =$E15*AE$2/1000000 -> 59.112183
A16: ='Texas pop'!A112 -> 2028 | B16: ='Texas pop'!B112 -> 31998588 | C16: ='Texas pop'!C112 -> 858184.77 | D16: ='Texas pop'!D112 -> 858184.77 | E16: ='Texas pop'!E112 -> 192465.56 | F16: =E16*$C$46*$D$45/1000000000 -> 2.6744454 | G16: =E16/1000*$D$41/0.9/1000 -> 110.93705 | H16: =E16*$D$41/1000 -> 99843.349 | I16: =H16/$D$42*$D$43 -> 13173.775 | J16: =$D$45*E16/1000 -> 37055.395 | K16: =J16-I15 -> 25698.692 | L16: =O16 -> 907.40741 | M16: =I15/J16*P16+K16/J16*O16 -> 1275.4198 | N16: 4.9 | O16: =$H$50/2.7*N16 -> 907.40741 | P16: =P15*(1-0.01) -> 2108.1823 | Q16: =M16/L16 -> 1.4055646 | R16: =$E16*I$2/1000000 -> 2.7269313 | S16: =$E16*J$2/1000000 -> 2.5475279 | T16: =$E16*K$2/1000000 -> 3.8392322 | U16: =$E16*L$2/1000000 -> 0.25116472 | V16: =$E16*M$2/1000000 -> 0.25116472 | W16: =$E16*N$2/1000000 -> 0.50232945 | X16: =$E16*P$2/1000000 -> 0.50232945 | Y16: =$E16*Q$2/1000000 -> 0.50232945 | Z16: =$E16*R$2/1000000 -> 0.39468742 | AA16: =$E16*S$2/1000000 -> 2.5116472 | AB16: =$E16*T$2/1000000 -> 1.2558236 | AC16: =$E16*U$2/1000000 -> 0.60997147 | AD16: =$E16*V$2/1000000 -> 6.4944021 | AE16: =$E16*W$2/1000000 -> 4.3774423 | ... AG16: =$E16*Y$2/1000000 -> 4.9515331 | AH16: =SUM(R16:AG16) -> 35.880675 | AI16: =$E16*AA$2 -> 1436253.6 | AJ16: =$E16*AB$2/1000000 -> 40.674701 | AK16: =$E16*AC$2/(42*1000) -> 102.98238 | AL16: =$E16*AD$2/1000 -> 16.372882 | AM16: =$E16*AE$2/1000000 -> 68.570133
A17: ='Texas pop'!A113 -> 2029 | B17: ='Texas pop'!B113 -> 32337520 | C17: ='Texas pop'!C113 -> 1050650.3 | D17: ='Texas pop'!D113 -> 1050650.3 | E17: ='Texas pop'!E113 -> 223260.05 | F17: =E17*$C$46*$D$45/1000000000 -> 3.1023567 | G17: =E17/1000*$D$41/0.9/1000 -> 128.68698 | H17: =E17*$D$41/1000 -> 115818.29 | I17: =H17/$D$42*$D$43 -> 15281.579 | J17: =$D$45*E17/1000 -> 42984.258 | K17: =J17-I16 -> 29810.483 | L17: =O17 -> 944.44444 | M17: =I16/J17*P17+K17/J17*O17 -> 1294.6446 | N17: 5.1 | O17: =$H$50/2.7*N17 -> 944.44444 | P17: =P16*(1-0.01) -> 2087.1005 | Q17: =M17/L17 -> 1.3708002 | R17: =$E17*I$2/1000000 -> 3.1632403 | S17: =$E17*J$2/1000000 -> 2.9551324 | T17: =$E17*K$2/1000000 -> 4.4535093 | U17: =$E17*L$2/1000000 -> 0.29135108 | V17: =$E17*M$2/1000000 -> 0.29135108 | W17: =$E17*N$2/1000000 -> 0.58270216 | X17: =$E17*P$2/1000000 -> 0.58270216 | Y17: =$E17*Q$2/1000000 -> 0.58270216 | Z17: =$E17*R$2/1000000 -> 0.45783741 | AA17: =$E17*S$2/1000000 -> 2.9135108 | AB17: =$E17*T$2/1000000 -> 1.4567554 | AC17: =$E17*U$2/1000000 -> 0.70756691 | AD17: =$E17*V$2/1000000 -> 7.5335065 | AE17: =$E17*W$2/1000000 -> 5.0778331 | ... AG17: =$E17*Y$2/1000000 -> 5.7437784 | AH17: =SUM(R17:AG17) -> 41.621583 | AI17: =$E17*AA$2 -> 1666054.1 | AJ17: =$E17*AB$2/1000000 -> 47.182653 | AK17: =$E17*AC$2/(42*1000) -> 119.45956 | AL17: =$E17*AD$2/1000 -> 18.992543 | AM17: =$E17*AE$2/1000000 -> 79.541354
A18: ='Texas pop'!A114 -> 2030 | B18: ='Texas pop'!B114 -> 32676453 | C18: ='Texas pop'!C114 -> 1273910.4 | D18: ='Texas pop'!D114 -> 1273910.4 | E18: ='Texas pop'!E114 -> 258981.66 | F18: =E18*$C$46*$D$45/1000000000 -> 3.5987337 | G18: =E18/1000*$D$41/0.9/1000 -> 149.2769 | H18: =E18*$D$41/1000 -> 134349.21 | I18: =H18/$D$42*$D$43 -> 17726.632 | J18: =$D$45*E18/1000 -> 49861.74 | K18: =J18-I17 -> 34580.16 | L18: =O18 -> 962.96296 | M18: =I17/J18*P18+K18/J18*O18 -> 1301.0911 | N18: 5.2 | O18: =$H$50/2.7*N18 -> 962.96296 | P18: =P17*(1-0.01) -> 2066.2295 | Q18: =M18/L18 -> 1.351133 | R18: =$E18*I$2/1000000 -> 3.6693587 | S18: =$E18*J$2/1000000 -> 3.4279535 | T18: =$E18*K$2/1000000 -> 5.1660708 | U18: =$E18*L$2/1000000 -> 0.33796725 | V18: =$E18*M$2/1000000 -> 0.33796725 | W18: =$E18*N$2/1000000 -> 0.6759345 | X18: =$E18*P$2/1000000 -> 0.6759345 | Y18: =$E18*Q$2/1000000 -> 0.6759345 | Z18: =$E18*R$2/1000000 -> 0.53109139 | AA18: =$E18*S$2/1000000 -> 3.3796725 | AB18: =$E18*T$2/1000000 -> 1.6898363 | AC18: =$E18*U$2/1000000 -> 0.82077761 | AD18: =$E18*V$2/1000000 -> 8.7388675 | AE18: =$E18*W$2/1000000 -> 5.8902864 | ... AG18: =$E18*Y$2/1000000 -> 6.662783 | AH18: =SUM(R18:AG18) -> 48.281036 | AI18: =$E18*AA$2 -> 1932622.8 | AJ18: =$E18*AB$2/1000000 -> 54.731877 | AK18: =$E18*AC$2/(42*1000) -> 138.57309 | AL18: =$E18*AD$2/1000 -> 22.03135 | AM18: =$E18*AE$2/1000000 -> 92.267971
A19: ='Texas pop'!A115 -> 2031 | B19: ='Texas pop'!B115 -> 33015385 | C19: ='Texas pop'!C115 -> 1532892.1 | D19: ='Texas pop'!D115 -> 1532892.1 | E19: ='Texas pop'!E115 -> 282290.01 | F19: =E19*$C$46*$D$45/1000000000 -> 3.9226198 | G19: =E19/1000*$D$41/0.9/1000 -> 162.71182 | H19: =E19*$D$41/1000 -> 146440.64 | I19: =H19/$D$42*$D$43 -> 19322.029 | J19: =$D$45*E19/1000 -> 54349.296 | K19: =J19-I18 -> 36622.664 | L19: =O19 -> 981.48148 | M19: =I18/J19*P19+K19/J19*O19 -> 1328.545 | N19: 5.3 | O19: =$H$50/2.7*N19 -> 981.48148 | P19: =P18*(1-0.01) -> 2045.5672 | Q19: =M19/L19 -> 1.3536118 | R19: =$E19*I$2/1000000 -> 3.999601 | S19: =$E19*J$2/1000000 -> 3.7364694 | T19: =$E19*K$2/1000000 -> 5.6310172 | U19: =$E19*L$2/1000000 -> 0.3683843 | V19: =$E19*M$2/1000000 -> 0.3683843 | W19: =$E19*N$2/1000000 -> 0.73676861 | X19: =$E19*P$2/1000000 -> 0.73676861 | Y19: =$E19*Q$2/1000000 -> 0.73676861 | Z19: =$E19*R$2/1000000 -> 0.57888962 | AA19: =$E19*S$2/1000000 -> 3.683843 | AB19: =$E19*T$2/1000000 -> 1.8419215 | AC19: =$E19*U$2/1000000 -> 0.8946476 | AD19: =$E19*V$2/1000000 -> 9.5253656 | AE19: =$E19*W$2/1000000 -> 6.4204122 | ... AG19: =$E19*Y$2/1000000 -> 7.2624334 | AH19: =SUM(R19:AG19) -> 52.626329 | AI19: =$E19*AA$2 -> 2106558.8 | AJ19: =$E19*AB$2/1000000 -> 59.657746 | AK19: =$E19*AC$2/(42*1000) -> 151.04467 | AL19: =$E19*AD$2/1000 -> 24.014171 | AM19: =$E19*AE$2/1000000 -> 100.57209
A20: ='Texas pop'!A116 -> 2032 | B20: ='Texas pop'!B116 -> 33354318 | C20: ='Texas pop'!C116 -> 1815182.1 | D20: ='Texas pop'!D116 -> 1815182.1 | E20: ='Texas pop'!E116 -> 307696.11 | F20: =E20*$C$46*$D$45/1000000000 -> 4.2756556 | G20: =E20/1000*$D$41/0.9/1000 -> 177.35589 | H20: =E20*$D$41/1000 -> 159620.3 | I20: =H20/$D$42*$D$43 -> 21061.011 | J20: =$D$45*E20/1000 -> 59240.733 | K20: =J20-I19 -> 39918.704 | L20: =O20 -> 1000 | M20: =I19/J20*P20+K20/J20*O20 -> 1334.3516 | N20: 5.4 | O20: =$H$50/2.7*N20 -> 1000 | P20: =P19*(1-0.01) -> 2025.1115 | Q20: =M20/L20 -> 1.3343516 | R20: =$E20*I$2/1000000 -> 4.3595651 | S20: =$E20*J$2/1000000 -> 4.0727516 | T20: =$E20*K$2/1000000 -> 6.1378088 | U20: =$E20*L$2/1000000 -> 0.40153889 | V20: =$E20*M$2/1000000 -> 0.40153889 | W20: =$E20*N$2/1000000 -> 0.80307778 | X20: =$E20*P$2/1000000 -> 0.80307778 | Y20: =$E20*Q$2/1000000 -> 0.80307778 | Z20: =$E20*R$2/1000000 -> 0.63098969 | AA20: =$E20*S$2/1000000 -> 4.0153889 | AB20: =$E20*T$2/1000000 -> 2.0076945 | AC20: =$E20*U$2/1000000 -> 0.97516588 | AD20: =$E20*V$2/1000000 -> 10.382648 | AE20: =$E20*W$2/1000000 -> 6.9982492 | ... AG20: =$E20*Y$2/1000000 -> 7.9160524 | AH20: =SUM(R20:AG20) -> 57.362699 | AI20: =$E20*AA$2 -> 2296149.1 | AJ20: =$E20*AB$2/1000000 -> 65.026943 | AK20: =$E20*AC$2/(42*1000) -> 164.63869 | AL20: =$E20*AD$2/1000 -> 26.175447 | AM20: =$E20*AE$2/1000000 -> 109.62358
A21: ='Texas pop'!A117 -> 2033 | B21: ='Texas pop'!B117 -> 33693251 | C21: ='Texas pop'!C117 -> 2122878.2 | D21: ='Texas pop'!D117 -> 2122878.2 | E21: ='Texas pop'!E117 -> 335388.76 | F21: =E21*$C$46*$D$45/1000000000 -> 4.6604646 | G21: =E21/1000*$D$41/0.9/1000 -> 193.31792 | H21: =E21*$D$41/1000 -> 173986.12 | I21: =H21/$D$42*$D$43 -> 22956.502 | J21: =$D$45*E21/1000 -> 64572.399 | K21: =J21-I20 -> 43511.387 | L21: =O21 -> 996.2963 | M21: =I20/J21*P21+K21/J21*O21 -> 1325.2508 | N21: 5.38 | O21: =$H$50/2.7*N21 -> 996.2963 | P21: =P20*(1-0.01) -> 2004.8604 | Q21: =M21/L21 -> 1.3301774 | R21: =$E21*I$2/1000000 -> 4.751926 | S21: =$E21*J$2/1000000 -> 4.4392993 | T21: =$E21*K$2/1000000 -> 6.6902116 | U21: =$E21*L$2/1000000 -> 0.43767739 | V21: =$E21*M$2/1000000 -> 0.43767739 | W21: =$E21*N$2/1000000 -> 0.87535478 | X21: =$E21*P$2/1000000 -> 0.87535478 | Y21: =$E21*Q$2/1000000 -> 0.87535478 | Z21: =$E21*R$2/1000000 -> 0.68777876 | AA21: =$E21*S$2/1000000 -> 4.3767739 | AB21: =$E21*T$2/1000000 -> 2.188387 | AC21: =$E21*U$2/1000000 -> 1.0629308 | AD21: =$E21*V$2/1000000 -> 11.317087 | AE21: =$E21*W$2/1000000 -> 7.6280917 | ... AG21: =$E21*Y$2/1000000 -> 8.6284971 | AH21: =SUM(R21:AG21) -> 62.525342 | AI21: =$E21*AA$2 -> 2502802.5 | AJ21: =$E21*AB$2/1000000 -> 70.879368 | AK21: =$E21*AC$2/(42*1000) -> 179.45617 | AL21: =$E21*AD$2/1000 -> 28.531237 | AM21: =$E21*AE$2/1000000 -> 119.4897
A22: ='Texas pop'!A118 -> 2034 | B22: ='Texas pop'!B118 -> 34032183 | C22: ='Texas pop'!C118 -> 2458266.9 | D22: ='Texas pop'!D118 -> 2458266.9 | E22: ='Texas pop'!E118 -> 365573.75 | F22: =E22*$C$46*$D$45/1000000000 -> 5.0799064 | G22: =E22/1000*$D$41/0.9/1000 -> 210.71653 | H22: =E22*$D$41/1000 -> 189644.88 | I22: =H22/$D$42*$D$43 -> 25022.588 | J22: =$D$45*E22/1000 -> 70383.915 | K22: =J22-I21 -> 47427.412 | L22: =O22 -> 985.18519 | M22: =I21/J22*P22+K22/J22*O22 -> 1311.2246 | N22: 5.32 | O22: =$H$50/2.7*N22 -> 985.18519 | P22: =P21*(1-0.01) -> 1984.8118 | Q22: =M22/L22 -> 1.3309423 | R22: =$E22*I$2/1000000 -> 5.1795993 | S22: =$E22*J$2/1000000 -> 4.8388362 | T22: =$E22*K$2/1000000 -> 7.2923306 | U22: =$E22*L$2/1000000 -> 0.47706836 | V22: =$E22*M$2/1000000 -> 0.47706836 | W22: =$E22*N$2/1000000 -> 0.95413671 | X22: =$E22*P$2/1000000 -> 0.95413671 | Y22: =$E22*Q$2/1000000 -> 0.95413671 | Z22: =$E22*R$2/1000000 -> 0.74967885 | AA22: =$E22*S$2/1000000 -> 4.7706836 | AB22: =$E22*T$2/1000000 -> 2.3853418 | AC22: =$E22*U$2/1000000 -> 1.1585946 | AD22: =$E22*V$2/1000000 -> 12.335625 | AE22: =$E22*W$2/1000000 -> 8.3146199 | ... AG22: =$E22*Y$2/1000000 -> 9.4050619 | AH22: =SUM(R22:AG22) -> 68.152622 | AI22: =$E22*AA$2 -> 2728054.8 | AJ22: =$E22*AB$2/1000000 -> 77.258511 | AK22: =$E22*AC$2/(42*1000) -> 195.60722 | AL22: =$E22*AD$2/1000 -> 31.099048 | AM22: =$E22*AE$2/1000000 -> 130.24377
A23: ='Texas pop'!A119 -> 2035 | B23: ='Texas pop'!B119 -> 34371116 | C23: ='Texas pop'!C119 -> 2823840.7 | D23: ='Texas pop'!D119 -> 2823840.7 | E23: ='Texas pop'!E119 -> 398475.39 | F23: =E23*$C$46*$D$45/1000000000 -> 5.537098 | G23: =E23/1000*$D$41/0.9/1000 -> 229.68102 | H23: =E23*$D$41/1000 -> 206712.91 | I23: =H23/$D$42*$D$43 -> 27274.621 | J23: =$D$45*E23/1000 -> 76718.467 | K23: =J23-I22 -> 51695.879 | L23: =O23 -> 994.44444 | M23: =I22/J23*P23+K23/J23*O23 -> 1310.9902 | N23: 5.37 | O23: =$H$50/2.7*N23 -> 994.44444 | P23: =P22*(1-0.01) -> 1964.9637 | Q23: =M23/L23 -> 1.3183141 | R23: =$E23*I$2/1000000 -> 5.6457632 | S23: =$E23*J$2/1000000 -> 5.2743314 | T23: =$E23*K$2/1000000 -> 7.9486403 | U23: =$E23*L$2/1000000 -> 0.52000451 | V23: =$E23*M$2/1000000 -> 0.52000451 | W23: =$E23*N$2/1000000 -> 1.040009 | X23: =$E23*P$2/1000000 -> 1.040009 | Y23: =$E23*Q$2/1000000 -> 1.040009 | Z23: =$E23*R$2/1000000 -> 0.81714994 | AA23: =$E23*S$2/1000000 -> 5.2000451 | AB23: =$E23*T$2/1000000 -> 2.6000225 | AC23: =$E23*U$2/1000000 -> 1.2628681 | AD23: =$E23*V$2/1000000 -> 13.445831 | AE23: =$E23*W$2/1000000 -> 9.0629357 | ... AG23: =$E23*Y$2/1000000 -> 10.251517 | AH23: =SUM(R23:AG23) -> 74.286358 | AI23: =$E23*AA$2 -> 2973579.7 | AJ23: =$E23*AB$2/1000000 -> 84.211777 | AK23: =$E23*AC$2/(42*1000) -> 213.21187 | AL23: =$E23*AD$2/1000 -> 33.897963 | AM23: =$E23*AE$2/1000000 -> 141.96571
A24: ='Texas pop'!A120 -> 2036 | B24: ='Texas pop'!B120 -> 34710049 | C24: ='Texas pop'!C120 -> 3222316.1 | D24: ='Texas pop'!D120 -> 3210416.1 | E24: ='Texas pop'!E120 -> 434338.18 | F24: =E24*$C$46*$D$45/1000000000 -> 6.0354368 | G24: =E24/1000*$D$41/0.9/1000 -> 250.35231 | H24: =E24*$D$41/1000 -> 225317.08 | I24: =H24/$D$42*$D$43 -> 29729.336 | J24: =$D$45*E24/1000 -> 83623.129 | K24: =J24-I23 -> 56348.508 | L24: =O24 -> 962.96296 | M24: =I23/J24*P24+K24/J24*O24 -> 1283.3678 | N24: 5.2 | O24: =$H$50/2.7*N24 -> 962.96296 | P24: =P23*(1-0.01) -> 1945.314 | Q24: =M24/L24 -> 1.3327281 | R24: =$E24*I$2/1000000 -> 6.1538819 | S24: =$E24*J$2/1000000 -> 5.7490213 | T24: =$E24*K$2/1000000 -> 8.664018 | U24: =$E24*L$2/1000000 -> 0.56680491 | V24: =$E24*M$2/1000000 -> 0.56680491 | W24: =$E24*N$2/1000000 -> 1.1336098 | X24: =$E24*P$2/1000000 -> 1.1336098 | Y24: =$E24*Q$2/1000000 -> 1.1336098 | Z24: =$E24*R$2/1000000 -> 0.89069344 | AA24: =$E24*S$2/1000000 -> 5.6680491 | AB24: =$E24*T$2/1000000 -> 2.8340246 | AC24: =$E24*U$2/1000000 -> 1.3765262 | AD24: =$E24*V$2/1000000 -> 14.655956 | AE24: =$E24*W$2/1000000 -> 9.8785999 | ... AG24: =$E24*Y$2/1000000 -> 11.174154 | AH24: =SUM(R24:AG24) -> 80.972131 | AI24: =$E24*AA$2 -> 3241201.9 | AJ24: =$E24*AB$2/1000000 -> 91.790837 | AK24: =$E24*AC$2/(42*1000) -> 232.40094 | AL24: =$E24*AD$2/1000 -> 36.948779 | AM24: =$E24*AE$2/1000000 -> 154.74262
... A38: ='Texas pop'!A134 -> 2050 | B38: ='Texas pop'!B134 -> 39455106 | C38: ='Texas pop'!C134 -> 12569590 | D38: ='Texas pop'!D134 -> 11045098 | E38: ='Texas pop'!E134 -> 907543.37 | F38: =E38*$C$46*$D$45/1000000000 -> 12.610958 | G38: =E38/1000*$D$41/0.9/1000 -> 523.10754 | H38: =E38*$D$41/1000 -> 470796.79 | I38: =H38/$D$42*$D$43 -> 62119.021 | J38: =$D$45*E38/1000 -> 174729.32 | K38: =J38-I37 -> 114999.5 | L38: =O38 -> 1000 | M38: =I37/J38*P38+K38/J38*O38 -> 1235.8653 | N38: 5.4 | O38: =$H$50/2.7*N38 -> 1000 | P38: =P37*(1-0.01) -> 1689.9834 | Q38: =M38/L38 -> 1.2358653 | R38: =$E38*I$2/1000000 -> 12.858448 | S38: =$E38*J$2/1000000 -> 12.012497 | T38: =$E38*K$2/1000000 -> 18.103341 | U38: =$E38*L$2/1000000 -> 1.1843307 | V38: =$E38*M$2/1000000 -> 1.1843307 | W38: =$E38*N$2/1000000 -> 2.3686614 | X38: =$E38*P$2/1000000 -> 2.3686614 | Y38: =$E38*Q$2/1000000 -> 2.3686614 | Z38: =$E38*R$2/1000000 -> 1.8610911 | AA38: =$E38*S$2/1000000 -> 11.843307 | AB38: =$E38*T$2/1000000 -> 5.9216536 | AC38: =$E38*U$2/1000000 -> 2.8762317 | AD38: =$E38*V$2/1000000 -> 30.623408 | AE38: =$E38*W$2/1000000 -> 20.641192 | ... AG38: =$E38*Y$2/1000000 -> 23.348234 | AH38: =SUM(R38:AG38) -> 169.1901 | AI38: =$E38*AA$2 -> 6772444.7 | AJ38: =$E38*AB$2/1000000 -> 191.79563 | AK38: =$E38*AC$2/(42*1000) -> 485.59842 | AL38: =$E38*AD$2/1000 -> 77.203943 | AM38: =$E38*AE$2/1000000 -> 323.33249
A39: ='Texas pop'!A135 -> 0 | B39: ='Texas pop'!B135 -> 0 | C39: ='Texas pop'!C135 -> 11036698 | D39: ='Texas pop'!D135 -> 12577990 | E39: ='Texas pop'!E135 -> 12569590 | F39: =E39*$C$46*$D$45/1000000000 -> 174.66336 | G39: =E39/1000*$D$41/0.9/1000 -> 7245.1055 | J39: =$E39*I$2 -> 1.7809113e+08 | K39: =$E39*J$2 -> 1.663746e+08 | M39: =$E39*K$2 -> 2.5073356e+08 | N39: =$E39*L$2 -> 16403130 | O39: =$E39*M$2 -> 16403130 | Q39: =$E39*N$2 -> 32806260 | R39: =$E39*P$2 -> 32806260 | S39: =$E39*Q$2 -> 32806260 | T39: =$E39*R$2 -> 25776347 | U39: =$E39*S$2 -> 1.640313e+08 | V39: =$E39*T$2 -> 82015650 | W39: =$E39*U$2 -> 39836173 | X39: =$E39*V$2 -> 4.2413807e+08 | Y39: =$E39*W$2 -> 2.8588312e+08 | ... AA39: =$E39*Y$2 -> 3.2337599e+08
A40: ='Texas pop'!A136 -> 0 | B40: ='Texas pop'!B136 -> 13427775 | C40: ='Texas pop'!C136 -> 0 | D40: ='Texas pop'!D136 -> 0 | E40: ='Texas pop'!E136 -> 0 | K40: https://www.eia.gov/dnav/ng/hist/n3035tx3m.htm
B41: 2029 | C41: Emissions (kg/car) | D41: =576.3995*0.9 -> 518.75955 | E41: =E17*D41/1000 -> 115818.29 | K41: https://www.naturalgasintel.com/natural-gas-to-become-worlds-primary-fossil-fuel-by-2050-says-gas-exporting-countries-forum/
C42: ROCM | D42: 7.2 | E42: =E41/7.2 -> 16085.873 | F42: TONS OF ETHYLENE
C43: YIELD | D43: 0.95 | E43: =E42*D43 -> 15281.579 | F43: TONS OF POLYETHYLENE | I43: Table 7. Average Value of Plastics & Polymer Composites ($/vehicle)
B44: KG OF PE/CAR | D44: 8.09 | E44: =E17*D44/1000 -> 1806.1738 | F44: TONS IN 2029 REQ FOR PE | I44: 2021 | J44: 710 | K44: https://plasticmakers.org/wp-content/uploads/2023/02/Chemistry-and-Automobiles-March-2023.pdf
B45: KG OF PLASTIC/CAR | D45: 192.53 | E45: =D45*E18/1000 -> 49861.74 | F45: TONS IN 2029 REQ GENERAL | J45: =J51*J44 -> 1054.7407 | L45: 45717
A46: GREET | B46: Total MJ/kg plastic | C46: 72.174252 | I46: RANGES $15,000 to $25,000 USD | L46: =L45-J44+J45 -> 46061.741 | M46: =L46/L45-1 -> 0.0075407558 | N46: INCREMENT OF 2.84% IN THE CAR PRICE (25000)
D47: IF WHOLE CAR WAS PE, TONS REQ | N47: https://www.wfaa.com/article/money/business/right-on-the-money/as-auto-prices-soar-across-check-your-auto-insurance/287-db5a20d6-5bd7-45c4-a870-d48c8491a352#:~:text=As%20auto%20prices%20soar%20across,costs%20almost%20%2430%2C000%20(%2429%2C969%20).
D48: FROM 2029 I CAN PRODUCE | F48: BY 2030 I NEED | H48: FROM NG I NEED | J48: FINAL PRICE/ TON PLASTIC (NO EMISSIONS)
D49: =E43 -> 15281.579 | F49: =E45 -> 49861.74 | H49: =F49-D49 -> 34580.16
B50: PRICES PER TON | D50: 2236.89 | H50: 500 | J50: =D49/$F$49*D50+H49/$F$49*H50 -> 1032.3204
J51: =Q13 -> 1.4855503
J52: 2.0632836 | K52: 100% CCUS (90% YIELD)
J53: 1.8506269 | K53: 80% CCUS (90% YIELD)
J54: 1.6379702 | K54: 60% CCUS (90% YIELD)
J55: 1.4253135 | K55: 40% CCUS (90% YIELD)
J56: 1.2126567 | K56: 40% CCUS (90% YIELD)
J57: 1 | K57: 0% CCUS (90% YIELD)

Sheet EVs materials req (2)
D1: PLANNER FOR EVS CHARGING | F1: https://afdc.energy.gov/evi-pro-lite | I1: https://afdc.energy.gov/evi-pro-lite
D2: EVs | G2: Evs | M2: Conventional car | R2: Scenario = 100% EVs | U2: Scenario % EVs = | W2: 37.74 | X2: 42
B3: Requirements (kg) | D3: Year | G3: Year (tonnes) | J3: Year (Million tonnes) | M3: Year (Million tonnes) | P3: 2022 or 2021 worldwide production (tonnes) | Q3: Ref | R3: Compare to 2022 worldwide production | U3: Different transition scenarios
A4: Material | B4: EV | C4: Conventional car | D4: 2030 | E4: 2040 | F4: 2050 | G4: 2030 | H4: 2040 | I4: 2050 | J4: 2030 | K4: 2040 | L4: 2050 | M4: 2030 | N4: 2040 | O4: 2050 | R4: 2030 | S4: 2040 | T4: 2050 | U4: Total | V4: ='Texas pop'!J134 -> 0.33166861 | W4: 40 | X4: 45 | Y4: 50 | Z4: 70 | AA4: 100 | AB4: ='Texas pop'!$J$134 -> 0.33166861 | AC4: 0.4 | AD4: 0.45 | AE4: 0.5 | AF4: 0.7 | AG4: 1
A5: Copper | B5: 53.2 | C5: 22.3 | D5: ='Texas pop'!$K$114*'EVs materials req (2)'!B5 -> 64545469 | E5: =B5*'Texas pop'!$K$124 -> 2.2816482e+08 | F5: =B5*'Texas pop'!$K$134 -> 4.0726884e+08 | G5: =D5/1000 -> 64545.469 | H5: =E5/1000 -> 228164.82 | I5: =F5/1000 -> 407268.84 | J5: =G5/1000000 -> 0.064545469 | K5: =H5/1000000 -> 0.22816482 | L5: =I5/1000000 -> 0.40726884 | M5: =C5*'Texas pop'!$E$76/1000000000 -> 0.59318 | N5: =C5*'Texas pop'!$E$77/1000000000 -> 0.694868 | O5: =C5*'Texas pop'!$E$78/1000000000 -> 0.796556 | P5: 22000000 | Q5: https://investingnews.com/daily/resource-investing/base-metals-investing/copper-investing/copper-production-country/ | R5: =G5/$P$5 -> 0.002933885 | S5: =H5/$P5 -> 0.010371128 | T5: =I5/P5 -> 0.01851222 | U5: =SUM(R5:T5) -> 0.031817233 | V5: ='Texas pop'!$H$134*'EVs materials req (2)'!$V$4*'EVs materials req (2)'!B5/1000 -> 587599.22 | W5: ='Texas pop'!$H$134*'EVs materials req (2)'!$W$4/100*'EVs materials req (2)'!B5/1000 -> 708658.23 | X5: ='Texas pop'!$H$134*'EVs materials req (2)'!$X$4/100*'EVs materials req (2)'!B5/1000 -> 797240.51 | Y5: ='Texas pop'!$H$134*'EVs materials req (2)'!$Y$4/100*'EVs materials req (2)'!B5/1000 -> 885822.79 | Z5: ='Texas pop'!$H$134*'EVs materials req (2)'!$Z$4/100*'EVs materials req (2)'!B5/1000 -> 1240151.9 | AA5: ='Texas pop'!$H$134*'EVs materials req (2)'!$AA$4/100*'EVs materials req (2)'!B5/1000 -> 1771645.6 | AB5: =V5/P5 -> 0.026709056 | AC5: =W5/$P$5 -> 0.032211738 | AD5: =X5/$P$5 -> 0.036238205 | AE5: =Y5/$P$5 -> 0.040264672 | AF5: =Z5/$P$5 -> 0.056370541 | AG5: =AA5/$P$5 -> 0.080529344
A6: Lithium | B6: 8.9 | D6: ='Texas pop'!$K$114*'EVs materials req (2)'!B6 -> 10798020 | E6: =B6*'Texas pop'!$K$124 -> 38170430 | F6: =B6*'Texas pop'!$K$134 -> 68133320 | G6: =D6/1000 -> 10798.02 | H6: =E6/1000 -> 38170.43 | I6: =F6/1000 -> 68133.32 | J6: =G6/1000000 -> 0.01079802 | K6: =H6/1000000 -> 0.03817043 | L6: =I6/1000000 -> 0.06813332 | M6: =C6*'Texas pop'!$E$76/1000000000 -> 0 | N6: =C6*'Texas pop'!$E$77/1000000000 -> 0 | O6: =C6*'Texas pop'!$E$78/1000000000 -> 0 | P6: 130000 | Q6: https://www.statista.com/statistics/606684/world-production-of-lithium/ | R6: =G6/P6 -> 0.083061694 | S6: =H6/$P6 -> 0.29361869 | T6: =I6/P6 -> 0.52410246 | U6: =SUM(R6:T6) -> 0.90078285 | V6: ='Texas pop'!$H$134*'EVs materials req (2)'!$V$4*'EVs materials req (2)'!B6/1000 -> 98301.374 | W6: ='Texas pop'!$H$134*'EVs materials req (2)'!$W$4/100*'EVs materials req (2)'!B6/1000 -> 118553.73 | X6: ='Texas pop'!$H$134*'EVs materials req (2)'!$X$4/100*'EVs materials req (2)'!B6/1000 -> 133372.94 | Y6: ='Texas pop'!$H$134*'EVs materials req (2)'!$Y$4/100*'EVs materials req (2)'!B6/1000 -> 148192.16 | Z6: ='Texas pop'!$H$134*'EVs materials req (2)'!$Z$4/100*'EVs materials req (2)'!B6/1000 -> 207469.02 | AA6: ='Texas pop'!$H$134*'EVs materials req (2)'!$AA$4/100*'EVs materials req (2)'!B6/1000 -> 296384.32 | AB6: =V6/P6 -> 0.75616442 | AC6: =W6/$P$6 -> 0.91195174 | AD6: =X6/$P$6 -> 1.0259457 | AE6: =Y6/$P$6 -> 1.1399397 | AF6: =Z6/$P$6 -> 1.5959156 | AG6: =AA6/$P$6 -> 2.2798794
A7: Nickel | B7: 39.9 | D7: ='Texas pop'!$K$114*'EVs materials req (2)'!B7 -> 48409102 | E7: =B7*'Texas pop'!$K$124 -> 1.7112361e+08 | F7: =B7*'Texas pop'!$K$134 -> 3.0545163e+08 | G7: =D7/1000 -> 48409.102 | H7: =E7/1000 -> 171123.61 | I7: =F7/1000 -> 305451.63 | J7: =G7/1000000 -> 0.048409102 | K7: =H7/1000000 -> 0.17112361 | L7: =I7/1000000 -> 0.30545163 | M7: =C7*'Texas pop'!$E$76/1000000000 -> 0 | N7: =C7*'Texas pop'!$E$77/1000000000 -> 0 | O7: =C7*'Texas pop'!$E$78/1000000000 -> 0 | P7: 2800000 | Q7: https://www.statista.com/statistics/603621/global-distribution-of-nickel-mine-production-by-select-country/ | R7: =G7/P7 -> 0.017288965 | S7: =H7/$P7 -> 0.061115576 | T7: =I7/P7 -> 0.10908987 | U7: =SUM(R7:T7) -> 0.18749441 | V7: ='Texas pop'!$H$134*'EVs materials req (2)'!$V$4*'EVs materials req (2)'!B7/1000 -> 440699.42 | W7: ='Texas pop'!$H$134*'EVs materials req (2)'!$W$4/100*'EVs materials req (2)'!B7/1000 -> 531493.67 | X7: ='Texas pop'!$H$134*'EVs materials req (2)'!$X$4/100*'EVs materials req (2)'!B7/1000 -> 597930.38 | Y7: ='Texas pop'!$H$134*'EVs materials req (2)'!$Y$4/100*'EVs materials req (2)'!B7/1000 -> 664367.09 | Z7: ='Texas pop'!$H$134*'EVs materials req (2)'!$Z$4/100*'EVs materials req (2)'!B7/1000 -> 930113.93 | AA7: ='Texas pop'!$H$134*'EVs materials req (2)'!$AA$4/100*'EVs materials req (2)'!B7/1000 -> 1328734.2 | AB7: =V7/P7 -> 0.15739265 | AC7: =W7/$P$7 -> 0.18981917 | AD7: =X7/$P$7 -> 0.21354657 | AE7: =Y7/$P$7 -> 0.23727396 | AF7: =Z7/$P$7 -> 0.33218355 | AG7: =AA7/$P$7 -> 0.47454792
A8: Manganese | B8: 24.5 | C8: 11.2 | D8: ='Texas pop'!$K$114*'EVs materials req (2)'!B8 -> 29724887 | E8: =B8*'Texas pop'!$K$124 -> 1.050759e+08 | F8: =B8*'Texas pop'!$K$134 -> 1.8755802e+08 | G8: =D8/1000 -> 29724.887 | H8: =E8/1000 -> 105075.9 | I8: =F8/1000 -> 187558.02 | J8: =G8/1000000 -> 0.029724887 | K8: =H8/1000000 -> 0.1050759 | L8: =I8/1000000 -> 0.18755802 | M8: =C8*'Texas pop'!$E$76/1000000000 -> 0.29792 | N8: =C8*'Texas pop'!$E$77/1000000000 -> 0.348992 | O8: =C8*'Texas pop'!$E$78/1000000000 -> 0.400064 | P8: 50000000 | Q8: https://www.statista.com/statistics/1244066/global-manganese-production-volume-by-country/#:~:text=South%20Africa%20is%20the%20world's,was%2049.5%20million%20metric%20tons. | R8: =G8/P8 -> 0.00059449774 | S8: =H8/$P8 -> 0.002101518 | T8: =I8/P8 -> 0.0037511603 | U8: =SUM(R8:T8) -> 0.0064471761 | V8: ='Texas pop'!$H$134*'EVs materials req (2)'!$V$4*'EVs materials req (2)'!B8/1000 -> 270604.91 | W8: ='Texas pop'!$H$134*'EVs materials req (2)'!$W$4/100*'EVs materials req (2)'!B8/1000 -> 326355.76 | X8: ='Texas pop'!$H$134*'EVs materials req (2)'!$X$4/100*'EVs materials req (2)'!B8/1000 -> 367150.23 | Y8: ='Texas pop'!$H$134*'EVs materials req (2)'!$Y$4/100*'EVs materials req (2)'!B8/1000 -> 407944.71 | Z8: ='Texas pop'!$H$134*'EVs materials req (2)'!$Z$4/100*'EVs materials req (2)'!B8/1000 -> 571122.59 | AA8: ='Texas pop'!$H$134*'EVs materials req (2)'!$AA$4/100*'EVs materials req (2)'!B8/1000 -> 815889.41 | AB8: =V8/P8 -> 0.0054120981 | AC8: =W8/$P$8 -> 0.0065271153 | AD8: =X8/$P$8 -> 0.0073430047 | AE8: =Y8/$P$8 -> 0.0081588941 | AF8: =Z8/$P$8 -> 0.011422452 | AG8: =AA8/$P$8 -> 0.016317788
A9: Cobalt | B9: 13.3 | D9: ='Texas pop'!$K$114*'EVs materials req (2)'!B9 -> 16136367 | E9: =B9*'Texas pop'!$K$124 -> 57041204 | F9: =B9*'Texas pop'!$K$134 -> 1.0181721e+08 | G9: =D9/1000 -> 16136.367 | H9: =E9/1000 -> 57041.204 | I9: =F9/1000 -> 101817.21 | J9: =G9/1000000 -> 0.016136367 | K9: =H9/1000000 -> 0.057041204 | L9: =I9/1000000 -> 0.10181721 | M9: =C9*'Texas pop'!$E$76/1000000000 -> 0 | N9: =C9*'Texas pop'!$E$77/1000000000 -> 0 | O9: =C9*'Texas pop'!$E$78/1000000000 -> 0 | P9: 197791 | Q9: https://www.visualcapitalist.com/ranked-the-worlds-top-cobalt-producing-countries/#:~:text=In%20total%2C%20global%20cobalt%20production,approximately%2040%25%20of%20total%20demand. | R9: =G9/P9 -> 0.08158292 | S9: =H9/$P9 -> 0.2883913 | T9: =I9/P9 -> 0.5147717 | U9: =SUM(R9:T9) -> 0.88474592 | V9: ='Texas pop'!$H$134*'EVs materials req (2)'!$V$4*'EVs materials req (2)'!B9/1000 -> 146899.81 | W9: ='Texas pop'!$H$134*'EVs materials req (2)'!$W$4/100*'EVs materials req (2)'!B9/1000 -> 177164.56 | X9: ='Texas pop'!$H$134*'EVs materials req (2)'!$X$4/100*'EVs materials req (2)'!B9/1000 -> 199310.13 | Y9: ='Texas pop'!$H$134*'EVs materials req (2)'!$Y$4/100*'EVs materials req (2)'!B9/1000 -> 221455.7 | Z9: ='Texas pop'!$H$134*'EVs materials req (2)'!$Z$4/100*'EVs materials req (2)'!B9/1000 -> 310037.98 | AA9: ='Texas pop'!$H$134*'EVs materials req (2)'!$AA$4/100*'EVs materials req (2)'!B9/1000 -> 442911.39 | AB9: =V9/P9 -> 0.74270218 | AC9: =W9/$P$9 -> 0.89571597 | AD9: =X9/$P$9 -> 1.0076805 | AE9: =Y9/$P$9 -> 1.119645 | AF9: =Z9/$P$9 -> 1.567503 | AG9: =AA9/$P$9 -> 2.2392899
A10: Graphite | B10: 66.3 | D10: ='Texas pop'!$K$114*'EVs materials req (2)'!B10 -> 80439184 | E10: =B10*'Texas pop'!$K$124 -> 2.8434826e+08 | F10: =B10*'Texas pop'!$K$134 -> 5.0755496e+08 | G10: =D10/1000 -> 80439.184 | H10: =E10/1000 -> 284348.26 | I10: =F10/1000 -> 507554.96 | J10: =G10/1000000 -> 0.080439184 | K10: =H10/1000000 -> 0.28434826 | L10: =I10/1000000 -> 0.50755496 | M10: =C10*'Texas pop'!$E$76/1000000000 -> 0 | N10: =C10*'Texas pop'!$E$77/1000000000 -> 0 | O10: =C10*'Texas pop'!$E$78/1000000000 -> 0 | P10: 1300000 | Q10: https://www.statista.com/statistics/1005851/global-graphite-production/ | R10: =G10/P10 -> 0.061876295 | S10: =H10/$P10 -> 0.21872943 | T10: =I10/P10 -> 0.39042689 | U10: =SUM(R10:T10) -> 0.67103262 | V10: ='Texas pop'!$H$134*'EVs materials req (2)'!$V$4*'EVs materials req (2)'!B10/1000 -> 732290.01 | W10: ='Texas pop'!$H$134*'EVs materials req (2)'!$W$4/100*'EVs materials req (2)'!B10/1000 -> 883158.66 | X10: ='Texas pop'!$H$134*'EVs materials req (2)'!$X$4/100*'EVs materials req (2)'!B10/1000 -> 993553.49 | Y10: ='Texas pop'!$H$134*'EVs materials req (2)'!$Y$4/100*'EVs materials req (2)'!B10/1000 -> 1103948.3 | Z10: ='Texas pop'!$H$134*'EVs materials req (2)'!$Z$4/100*'EVs materials req (2)'!B10/1000 -> 1545527.7 | AA10: ='Texas pop'!$H$134*'EVs materials req (2)'!$AA$4/100*'EVs materials req (2)'!B10/1000 -> 2207896.7 | AB10: =V10/P10 -> 0.56330001 | AC10: =W10/$P$10 -> 0.67935282 | AD10: =X10/$P$10 -> 0.76427192 | AE10: =Y10/$P$10 -> 0.84919102 | AF10: =Z10/$P$10 -> 1.1888674 | AG10: =AA10/$P$10 -> 1.698382
A11: Zinc | D11: ='Texas pop'!$K$114*'EVs materials req (2)'!B11 -> 0 | E11: =B11*'Texas pop'!$K$124 -> 0 | F11: =B11*'Texas pop'!$K$134 -> 0 | G11: =D11/1000 -> 0 | H11: =E11/1000 -> 0 | I11: =F11/1000 -> 0 | J11: =G11/1000000 -> 0 | K11: =H11/1000000 -> 0 | L11: =I11/1000000 -> 0 | M11: =C11*'Texas pop'!$E$76/1000000000 -> 0 | N11: =C11*'Texas pop'!$E$77/1000000000 -> 0 | O11: =C11*'Texas pop'!$E$78/1000000000 -> 0 | P11: 12500000 | Q11: https://www.statista.com/statistics/264882/world-mine-production-of-zinc/ | R11: =G11/P11 -> 0 | S11: =H11/$P11 -> 0 | T11: =I11/P11 -> 0 | U11: =SUM(R11:T11) -> 0 | V11: ='Texas pop'!$H$134*'EVs materials req (2)'!$V$4*'EVs materials req (2)'!B11/1000 -> 0 | W11: =S11*$W$2/100 -> 0 | X11: ='Texas pop'!$H$134*'EVs materials req (2)'!$X$4/100*'EVs materials req (2)'!B11/1000 -> 0 | Y11: =X5-W5 -> 88582.279 | Z11: =Y5-X5 -> 88582.279
A12: Rare earths | B12: 0.5 | D12: ='Texas pop'!$K$114*'EVs materials req (2)'!B12 -> 606630.35 | E12: =B12*'Texas pop'!$K$124 -> 2144406.2 | F12: =B12*'Texas pop'!$K$134 -> 3827714.6 | G12: =D12/1000 -> 606.63035 | H12: =E12/1000 -> 2144.4062 | I12: =F12/1000 -> 3827.7146 | J12: =G12/1000000 -> 0.00060663035 | K12: =H12/1000000 -> 0.0021444062 | L12: =I12/1000000 -> 0.0038277146 | M12: =C12*'Texas pop'!$E$76/1000000000 -> 0 | N12: =C12*'Texas pop'!$E$77/1000000000 -> 0 | O12: =C12*'Texas pop'!$E$78/1000000000 -> 0 | P12: 1 | R12: =G12/P12 -> 606.63035 | S12: =H12/$P12 -> 2144.4062 | T12: =I12/P12 -> 3827.7146 | U12: =SUM(R12:T12) -> 6578.7511 | V12: ='Texas pop'!$H$134*'EVs materials req (2)'!$V$4*'EVs materials req (2)'!B12/1000 -> 5522.5491 | W12: =S12*$W$2/100 -> 809.29888 | X12: =T12*$W$2/100 -> 1444.5795 | Y12: =W5-G5-H5-I5 -> 8679.1101 | Z12: =W5-V5 -> 121059.01
A13: Others | C13: 0.3 | H13: Total Lithium | I13: =G6+H6+I6 -> 117101.77 | L13: =I13/1000000 -> 0.11710177 | M13: =C13*'Texas pop'!$E$76/1000000000 -> 0.00798 | N13: =C13*'Texas pop'!$E$77/1000000000 -> 0.009348 | O13: =C13*'Texas pop'!$E$78/1000000000 -> 0.010716 | P13: 1 | R13: =G13/P13 -> 0 | S13: =H13/$P13 -> #VALUE! | T13: =I13/P13 -> 117101.77 | U13: =SUM(R13:T13) -> #VALUE! | V13: ='Texas pop'!$H$134*'EVs materials req (2)'!$V$4*'EVs materials req (2)'!B13/1000 -> 0 | W13: =S13*$W$2/100 -> #VALUE! | X13: =T13*$W$2/100 -> 44194.208
A14: Year
A15: 2030 | C15: Worldwide total lithium reserves (tonnes) | F15: Cars in 2050 (billion) | H15: 3 | I15: = | J15: 3000 | K15: million
A16: 2040 | C16: 22425000 | J16: % of world lithium reserves | U16: Approx Evs in 2050 Texas | W16: =W2/100*'Texas pop'!E78 -> 13480728
A17: 2050 | C17: [kg] | D17: # avg. Cars | E17: # avg. Cars | F17: Million of cars | H17: EVs posible | I17: =SUM(G6:I6) -> 117101.77 | J17: =I17/C16*100 -> 0.52219296 | K17: % of world lithium reserves | U17: Current EVS | V17: 78585 | W17: Ports in 2050 | X17: =V18/V17*W16 -> 848453.02
A18: Reference | C18: =C16*1000 -> 22425000000 | D18: =C18/B6 -> 2.5196629e+09 | E18: =C18/B6*0.74 -> 1.8645506e+09 | F18: =D18/1000000 -> 2519.6629 | G18: =E18/1000000 -> 1864.5506 | H18: =G18/J15 -> 0.62151685 | I18: 750000 | J18: =I17/I18*100 -> 15.613569 | K18: % of US lithium reserves | U18: Current ports | V18: 4946 | W18: New ports req | X18: =X17-V18 -> 843507.02
A19: https://www.iea.org/reports/the-role-of-critical-minerals-in-clean-energy-transitions/executive-summary | I19: =J18 -> 15.613569 | J19: =J18*Y4/V4/100 -> 23.537906 | K19: =J18*Z4/V4/100 -> 32.953069 | L19: =J18*AA4/V4/100 -> 47.075813 | U19: ratio cars/port | V19: =V17/V18 -> 15.888597
A20: https://www.iea.org/reports/the-role-of-critical-minerals-in-clean-energy-transitions/mineral-requirements-for-clean-energy-transitions | I20: 33.17 | J20: 50 | K20: 70 | L20: 100
AC38: Based on current battery technology, the total volume of lithium necessary for the number of EVs expected in the state by 2050 would exceed the 2021 worldwide production of both minerals. There will also be a significant increase in the consumption of materials including copper, manganese, and graphite.
A42: https://www.statista.com/statistics/606684/world-production-of-lithium/ | G42: https://natural-resources.canada.ca/our-natural-resources/minerals-mining/minerals-metals-facts/lithium-facts/24009
A43: https://www.woodmac.com/press-releases/700-million-electric-vehicles-will-be-on-the-roads-by-2050/
M67: https://www.eia.gov/todayinenergy/detail.php?id=50096#
A73: https://www.globalfleetmanagement.com/10159371/electric-vehicles-expected-to-comprise-31-of-the-global-fleet-by-2050
A74: https://www.fuelfreedom.org/cars-in-2050/#:~:text=By%202050%2C%20there%20will%20be,%2C%20using%20petroleum%2Dbased%20fuels.
A92: https://www.spglobal.com/mobility/en/research-analysis/average-age-of-vehicles-in-the-us-increases-to-122-years.html | L92: https://www.researchgate.net/publication/227352883_International_Trade_in_Used_Vehicles_The_Environmental_Consequences_of_NAFTA | Y92: https://www.eia.gov/todayinenergy/detail.php?id=36914
K123: https://nhts.ornl.gov/vehicles

Sheet Texas pop
J2: EV | K2: 1238.9 | L2: -9857.1 | M2: 31025 | N2: -12429
A3: Fuel stations | C3: https://afdc.energy.gov/stations/#/find/nearest?location=Texas | J3: PHEV | K3: 261.11 | L3: -2225 | M3: 8778.2 | N3: 928.57
C4: Vehicle count | J4: HEV | K4: 922.22 | L4: -6407.1 | M4: 24763 | N4: 186286
A5: Year | C5: 2016 | D5: 2017 | E5: 2018 | F5: 2019 | G5: 2020 | H5: 2021 | I5: 2022 | J5: 2023 | K5: 2024 | L5: 2025 | M5: 2026 | N5: 2027 | O5: 2028 | P5: 2029 | Q5: 2030 | R5: 2040 | S5: 2050
A6: EV | C6: 11900 | D6: 16100 | E6: 24500 | F6: 38400 | G6: 52200 | H6: 80900 | I6: 149000 | J6: =K2*$J$5^3+L2*$J$5^2+M2*$J$5+N2 -> 1.0216806e+13
A7: PHEV | C7: 8000 | D7: 10900 | E7: 14700 | F7: 18100 | G7: 20400 | H7: 30600 | I7: 42800
A8: HEV | C8: 205800 | D8: 217100 | E8: 227100 | F8: 244600 | G8: 262300 | H8: 304700 | I8: 361800
A9: Biodiesel vehicle | H9: 376300 | I9: 420800
A10: Ethanol/Flex (E85) | C10: 2596600 | D10: 2813400 | E10: 3005900 | F10: 3200700 | G10: 3250000 | H10: 2422300 | I10: 2398800
A11: Compressed NG | C11: 64700 | D11: 56900 | E11: 51300 | F11: 47300 | G11: 43600 | H11: 2200 | I11: 1400
A12: Propane | H12: 1600 | I12: 1400
A13: Hydrogen | F13: 100 | G13: 100
A14: Gasoline | C14: 18245400 | D14: 18252800 | E14: 18453800 | F14: 19293900 | G14: 19609700 | H14: 20599100 | I14: 21065800
A15: Diesel | C15: 961200 | D15: 982900 | E15: 1019300 | F15: 1070200 | G15: 1107000 | H15: 765100 | I15: 771100
A16: Unknow fuel | C16: 213100 | D16: 194300 | E16: 175300 | F16: 178000 | G16: 163600 | H16: 131100 | I16: 133200
A17: Total | C17: =SUM(C6:C16) -> 22306700 | D17: =SUM(D6:D16) -> 22544400 | E17: =SUM(E6:E16) -> 22971900 | F17: =SUM(F6:F16) -> 24091300 | G17: =SUM(G6:G16) -> 24508900 | H17: =SUM(H6:H16) -> 24713900 | I17: =SUM(I6:I16) -> 25346100
A18: https://afdc.energy.gov/vehicle-registration
C19: Market share
A20: Year | C20: 2016 | D20: 2017 | E20: 2018 | F20: 2019 | G20: 2020 | H20: 2021 | I20: 2022
A21: EV | C21: =C6/$C$17*100 -> 0.053347201 | D21: =D6/$D$17*100 -> 0.071414631 | E21: =E6/$E$17*100 -> 0.10665204 | F21: =F6/$F$17*100 -> 0.15939364 | G21: =G6/$G$17*100 -> 0.21298385 | H21: =H6/$H$17*100 -> 0.32734615 | I21: =I6/$I$17*100 -> 0.58786164
A22: PHEV | C22: =C7/$C$17*100 -> 0.035863664 | D22: =D7/$D$17*100 -> 0.048349036 | E22: =E7/$E$17*100 -> 0.063991224 | F22: =F7/$F$17*100 -> 0.075130856 | G22: =G7/$G$17*100 -> 0.08323507 | H22: =H7/$H$17*100 -> 0.12381696 | I22: =I7/$I$17*100 -> 0.16886227
A23: HEV | C23: =C8/$C$17*100 -> 0.92259276 | D23: =D8/$D$17*100 -> 0.96298859 | E23: =E8/$E$17*100 -> 0.98859911 | F23: =F8/$F$17*100 -> 1.0153043 | G23: =G8/$G$17*100 -> 1.0702235 | H23: =H8/$H$17*100 -> 1.2329094 | I23: =I8/$I$17*100 -> 1.4274385
A24: Biodiesel vehicle | C24: =C9/$C$17*100 -> 0 | D24: =D9/$D$17*100 -> 0 | E24: =E9/$E$17*100 -> 0 | F24: =F9/$F$17*100 -> 0 | G24: =G9/$G$17*100 -> 0 | H24: =H9/$H$17*100 -> 1.5226249 | I24: =I9/$I$17*100 -> 1.660216
A25: Ethanol/Flex (E85) | C25: =C10/$C$17*100 -> 11.640449 | D25: =D10/$D$17*100 -> 12.479374 | E25: =E10/$E$17*100 -> 13.085117 | F25: =F10/$F$17*100 -> 13.285709 | G25: =G10/$G$17*100 -> 13.260489 | H25: =H10/$H$17*100 -> 9.8013668 | I25: =I10/$I$17*100 -> 9.4641779
A26: Compressed NG | C26: =C11/$C$17*100 -> 0.29004738 | D26: =D11/$D$17*100 -> 0.25239084 | E26: =E11/$E$17*100 -> 0.22331631 | F26: =F11/$F$17*100 -> 0.19633644 | G26: =G11/$G$17*100 -> 0.17789456 | H26: =H11/$H$17*100 -> 0.008901873 | I26: =I11/$I$17*100 -> 0.0055235322
A27: Propane | C27: =C12/$C$17*100 -> 0 | D27: =D12/$D$17*100 -> 0 | E27: =E12/$E$17*100 -> 0 | F27: =F12/$F$17*100 -> 0 | G27: =G12/$G$17*100 -> 0 | H27: =H12/$H$17*100 -> 0.0064740895 | I27: =I12/$I$17*100 -> 0.0055235322
A28: Hydrogen | C28: =C13/$C$17*100 -> 0 | D28: =D13/$D$17*100 -> 0 | E28: =E13/$E$17*100 -> 0 | F28: =F13/$F$17*100 -> 0.0004150876 | G28: =G13/$G$17*100 -> 0.00040801505 | H28: =H13/$H$17*100 -> 0 | I28: =I13/$I$17*100 -> 0
A29: Gasoline | C29: =C14/$C$17*100 -> 81.793363 | D29: =D14/$D$17*100 -> 80.963787 | E29: =E14/$E$17*100 -> 80.332058 | F29: =F14/$F$17*100 -> 80.086587 | G29: =G14/$G$17*100 -> 80.010527 | H29: =H14/$H$17*100 -> 83.35026 | I29: =I14/$I$17*100 -> 83.112589
A30: Diesel | C30: =C15/$C$17*100 -> 4.3090193 | D30: =D15/$D$17*100 -> 4.359841 | E30: =E15/$E$17*100 -> 4.4371602 | F30: =F15/$F$17*100 -> 4.4422675 | G30: =G15/$G$17*100 -> 4.5167266 | H30: =H15/$H$17*100 -> 3.0958287 | I30: =I15/$I$17*100 -> 3.0422826
A31: Unknow fuel | C31: =C16/$C$17*100 -> 0.95531836 | D31: =D16/$D$17*100 -> 0.86185483 | E31: =E16/$E$17*100 -> 0.76310623 | F31: =F16/$F$17*100 -> 0.73885594 | G31: =G16/$G$17*100 -> 0.66751262 | H31: =H16/$H$17*100 -> 0.53047071 | I31: =I16/$I$17*100 -> 0.52552464
C32: =C17/$C$17*100 -> 100 | D32: =SUM(D21:D31) -> 100 | E32: =SUM(E21:E31) -> 100 | F32: =SUM(F21:F31) -> 100 | G32: =SUM(G21:G31) -> 100 | H32: =SUM(H21:H31) -> 100 | I32: =SUM(I21:I31) -> 100
A65: https://www.macrotrends.net/states/texas/population
A66: Texas population data
D67: {=LINEST(C69:C75,A69:A75)} -> 338932.64 | E67: -6.5535681e+08
A68: Year | D68: Person/car | E68: Car/person
A69: 2016 | C69: 27914064 | D69: =C69/C17 -> 1.2513758 | E69: =1/D69 -> 0.79912047
A70: 2017 | C70: 28291024 | D70: =C70/D17 -> 1.2549025 | E70: =1/D70 -> 0.79687466
A71: 2018 | C71: 28624564 | D71: =C71/E17 -> 1.2460686 | E71: =1/D71 -> 0.80252401
A72: 2019 | C72: 28986794 | D72: =C72/F17 -> 1.2032059 | E72: =1/D72 -> 0.83111295
A73: 2020 | C73: 29232474 | D73: =C73/G17 -> 1.1927289 | E73: =1/D73 -> 0.83841347
A74: 2021 | C74: 29558864 | D74: =C74/H17 -> 1.1960421 | E74: =1/D74 -> 0.83609099
A75: 2022 | C75: 30029572 | D75: =C75/I17 -> 1.1847808 | E75: =1/D75 -> 0.844038 | F75: constant ownership asumption
A76: 2030 | C76: =$D$67*A76+$E$67 -> 32676453 | D76: =C76*$E$75 -> 27580168 | E76: 26600000
A77: 2040 | C77: =$D$67*A77+$E$67 -> 36065779 | D77: =C77*$E$75 -> 30440888 | E77: 31160000
A78: 2050 | C78: =$D$67*A78+$E$67 -> 39455106 | D78: =C78*$E$75 -> 33301609 | E78: 35720000
E79: Cars on the road
K94: Electric vehicles energy requirements:
F95: The average miles driven per car per year is: | I95: 13000 | J95: usd | K95: Lower bound | L95: Upper bound
F96: HDPE USD/ton | G96: 220.62736 | H96: ton | I96: =K111/I97*10000*365 -> 0.756791 | J96: =G96*I96 -> 166.9688 | K96: [kWh/miles] | L96: [kWh/miles]
F97: Miles driven in 2025 | I97: =E109*$I$95 -> 1.602959e+09 | J97: =365*2.7*1.09/1000*10/13 -> 0.82630385 | K97: 0.25 | L97: 0.4
B98: (Linear stimmation) | D98: 0.05 | J98: raw tons | K98: EV LB | L98: EV LB | M98: EV UB
A99: Year | B99: Population | C99: EVs | D99: EVs w retirement | E99: Sales Difference/New cars | F99: coef | G99: growth (%) | H99: Cars fleet | I99: % percentage | J99: % percentage | L99: million MWh | M99: million MWh
A100: 2016 | B100: =C69 -> 27914064 | C100: 11900 | D100: 11900 | E100: =C101-C100 -> 4200 | F100: =C101/C100 -> 1.3529412 | G100: =(C101/C100)*100-100 -> 35.294118 | H100: 22306700 | I100: =C100/H100 -> 0.00053347201 | J100: =D100/H100 -> 0.00053347201 | L100: =D100*$I$95*$K$97/10^9 -> 0.038675 | M100: =D100*$I$95*$L$97/10^9 -> 0.06188
A101: 2017 | B101: =C70 -> 28291024 | C101: 16100 | D101: 16100 | E101: =C102-C101 -> 8400 | F101: =C102/C101 -> 1.5217391 | G101: =(C102/C101)*100-100 -> 52.173913 | H101: 22544400 | I101: =C101/H101 -> 0.00071414631 | J101: =D101/H101 -> 0.00071414631 | L101: =D101*$I$95*$K$97/10^9 -> 0.052325 | M101: =D101*$I$95*$L$97/10^9 -> 0.08372
A102: 2018 | B102: =C71 -> 28624564 | C102: 24500 | D102: 24500 | E102: =C103-C102 -> 13900 | F102: =C103/C102 -> 1.5673469 | G102: =(C103/C102)*100-100 -> 56.734694 | H102: 22971900 | I102: =C102/H102 -> 0.0010665204 | J102: =D102/H102 -> 0.0010665204 | L102: =D102*$I$95*$K$97/10^9 -> 0.079625 | M102: =D102*$I$95*$L$97/10^9 -> 0.1274
A103: 2019 | B103: =C72 -> 28986794 | C103: 38400 | D103: 38400 | E103: =C104-C103 -> 13800 | F103: =C104/C103 -> 1.359375 | G103: =(C104/C103)*100-100 -> 35.9375 | H103: 24091300 | I103: =C103/H103 -> 0.0015939364 | J103: =D103/H103 -> 0.0015939364 | L103: =D103*$I$95*$K$97/10^9 -> 0.1248 | M103: =D103*$I$95*$L$97/10^9 -> 0.19968
A104: 2020 | B104: =C73 -> 29232474 | C104: 52200 | D104: 52200 | E104: =C105-C104 -> 28700 | F104: =C105/C104 -> 1.5498084 | G104: =(C105/C104)*100-100 -> 54.980843 | H104: 24508900 | I104: =C104/H104 -> 0.0021298385 | J104: =D104/H104 -> 0.0021298385 | L104: =D104*$I$95*$K$97/10^9 -> 0.16965 | M104: =D104*$I$95*$L$97/10^9 -> 0.27144
A105: 2021 | B105: =C74 -> 29558864 | C105: 80900 | D105: 80900 | E105: =C106-C105 -> 68100 | F105: =C106/C105 -> 1.84178 | G105: =(C106/C105)*100-100 -> 84.177998 | H105: 24713900 | I105: =C105/H105 -> 0.0032734615 | J105: =D105/H105 -> 0.0032734615 | L105: =D105*$I$95*$K$97/10^9 -> 0.262925 | M105: =D105*$I$95*$L$97/10^9 -> 0.42068
A106: 2022 | B106: =C75 -> 30029572 | C106: 149000 | D106: 149000 | E106: =E105*(100+G106)/100 -> 78996 | F106: =C107/C106 -> 1.5301745 | G106: 16 | H106: 25346100 | I106: =C106/H106 -> 0.0058786164 | J106: =D106/H106 -> 0.0058786164 | K106: HDPE | L106: =D106*$I$95*$K$97/10^9 -> 0.48425 | M106: =D106*$I$95*$L$97/10^9 -> 0.7748
A107: 2023 | B107: =$D$67*A107+$E$67 -> 30303924 | C107: =C106+E106 -> 227996 | D107: =D106+E106 -> 227996 | E107: =E106*(100+G107)/100 -> 91635.36 | F107: =C108/C107 -> 1.4019165 | G107: 16 | H107: =(A107*$D$67+$E$67)*$E$75 -> 25577664 | I107: =C107/H107 -> 0.0089138712 | J107: =D107/H107 -> 0.0089138712 | K107: 302.273 | L107: =D107*$I$95*$K$97/10^9 -> 0.740987 | M107: =D107*$I$95*$L$97/10^9 -> 1.1855792
A108: 2024 | B108: =$D$67*A108+$E$67 -> 30642857 | C108: =C107+E107 -> 319631.36 | D108: =D107+E107 -> 319631.36 | E108: =E107*(100+G108)/100 -> 106297.02 | F108: =C109/C108 -> 1.3325613 | G108: 16 | H108: =(A108*$D$67+$E$67)*$E$75 -> 25863736 | I108: =C108/H108 -> 0.012358283 | J108: =D108/H108 -> 0.012358283 | K108: =M109/K107*10^6/$I$95 -> 0.56363404 | L108: =D108*$I$95*$K$97/10^9 -> 1.0388019 | M108: =D108*$I$95*$L$97/10^9 -> 1.6620831
A109: 2025 | B109: =$D$67*A109+$E$67 -> 30981790 | C109: =C108+E108 -> 425928.38 | D109: =D108+E108 -> 425928.38 | E109: =E108*(100+G109)/100 -> 123304.54 | F109: =C110/C109 -> 1.289496 | G109: 16 | H109: =(A109*$D$67+$E$67)*$E$75 -> 26149808 | I109: =C109/H109 -> 0.016288012 | J109: =D109/H109 -> 0.016288012 | K109: =L109/K107*10^6/$I$95 -> 0.35227127 | L109: =D109*$I$95*$K$97/10^9 -> 1.3842672 | M109: =D109*$I$95*$L$97/10^9 -> 2.2148276
A110: 2026 | B110: =$D$67*A110+$E$67 -> 31320722 | C110: =C109+E109 -> 549232.92 | D110: =D109+E109 -> 549232.92 | E110: =E109*(100+G110)/100 -> 143033.27 | F110: =C111/C110 -> 1.2604237 | G110: 16 | H110: =(A110*$D$67+$E$67)*$E$75 -> 26435880 | I110: =C110/H110 -> 0.020776041 | J110: =D110/H110 -> 0.020776041 | K110: =M109*10^6 -> 2214827.6 | L110: =D110*$I$95*$K$97/10^9 -> 1.785007 | M110: =D110*$I$95*$L$97/10^9 -> 2.8560112
A111: 2027 | B111: =$D$67*A111+$E$67 -> 31659655 | C111: =C110+E110 -> 692266.18 | D111: =D110+E110 -> 692266.18 | E111: =E110*(100+G111)/100 -> 165918.59 | F111: =C112/C111 -> 1.2396746 | G111: 16 | H111: =(A111*$D$67+$E$67)*$E$75 -> 26721952 | I111: =C111/H111 -> 0.025906273 | J111: =D111/H111 -> 0.025906273 | K111: 332.35752 | L111: =D111*$I$95*$K$97/10^9 -> 2.2498651 | M111: =D111*$I$95*$L$97/10^9 -> 3.5997842
A112: 2028 | B112: =$D$67*A112+$E$67 -> 31998588 | C112: =C111+E111 -> 858184.77 | D112: =D111+E111 -> 858184.77 | E112: =E111*(100+G112)/100 -> 192465.56 | F112: =C113/C112 -> 1.2242705 | G112: 16 | H112: =(A112*$D$67+$E$67)*$E$75 -> 27008024 | I112: =C112/H112 -> 0.031775178 | J112: =D112/H112 -> 0.031775178 | L112: =D112*$I$95*$K$97/10^9 -> 2.7891005 | M112: =D112*$I$95*$L$97/10^9 -> 4.4625608 | Q112: Using IEA predictions
A113: 2029 | B113: =$D$67*A113+$E$67 -> 32337520 | C113: =C112+E112 -> 1050650.3 | D113: =D112+E112 -> 1050650.3 | E113: =E112*(100+G113)/100 -> 223260.05 | F113: =C114/C113 -> 1.212497 | G113: 16 | H113: =(A113*$D$67+$E$67)*$E$75 -> 27294096 | I113: =C113/H113 -> 0.038493685 | J113: =D113/H113 -> 0.038493685 | L113: =D113*$I$95*$K$97/10^9 -> 3.4146136 | M113: =D113*$I$95*$L$97/10^9 -> 5.4633818
A114: 2030 | B114: =$D$67*A114+$E$67 -> 32676453 | C114: =C113+E113 -> 1273910.4 | D114: =D113+E113 -> 1273910.4 | E114: =E113*(100+G114)/100 -> 258981.66 | F114: =C115/C114 -> 1.2032966 | G114: 16 | H114: =(A114*$D$67+$E$67)*$E$75 -> 27580168 | I114: =C114/H114 -> 0.046189363 | J114: =D114/H114 -> 0.046189363 | K114: =SUM(E108:E114) -> 1213260.7 | L114: =D114*$I$95*$K$97/10^9 -> 4.1402088 | M114: =D114*$I$95*$L$97/10^9 -> 6.624334
A115: 2031 | B115: =$D$67*A115+$E$67 -> 33015385 | C115: =C114+E114 -> 1532892.1 | D115: =D114+E114 -> 1532892.1 | E115: =E114*(100+G115)/100 -> 282290.01 | F115: =C116/C115 -> 1.1841552 | G115: 9 | H115: =(A115*$D$67+$E$67)*$E$75 -> 27866240 | I115: =C115/H115 -> 0.05500893 | J115: =D115/H115 -> 0.05500893 | L115: =D115*$I$95*$K$97/10^9 -> 4.9818992 | M115: =D115*$I$95*$L$97/10^9 -> 7.9710387
A116: 2032 | B116: =$D$67*A116+$E$67 -> 33354318 | C116: =C115+E115 -> 1815182.1 | D116: =D115+E115 -> 1815182.1 | E116: =E115*(100+G116)/100 -> 307696.11 | F116: =C117/C116 -> 1.1695125 | G116: 9 | H116: =(A116*$D$67+$E$67)*$E$75 -> 28152312 | I116: =C116/H116 -> 0.064477193 | J116: =D116/H116 -> 0.064477193 | L116: =D116*$I$95*$K$97/10^9 -> 5.8993417 | M116: =D116*$I$95*$L$97/10^9 -> 9.4389468
A117: 2033 | B117: =$D$67*A117+$E$67 -> 33693251 | C117: =C116+E116 -> 2122878.2 | D117: =D116+E116 -> 2122878.2 | E117: =E116*(100+G117)/100 -> 335388.76 | F117: =C118/C117 -> 1.1579878 | G117: 9 | H117: =(A117*$D$67+$E$67)*$E$75 -> 28438384 | I117: =C117/H117 -> 0.074648341 | J117: =D117/H117 -> 0.074648341 | L117: =D117*$I$95*$K$97/10^9 -> 6.8993541 | M117: =D117*$I$95*$L$97/10^9 -> 11.038967
A118: 2034 | B118: =$D$67*A118+$E$67 -> 34032183 | C118: =C117+E117 -> 2458266.9 | D118: =D117+E117 -> 2458266.9 | E118: =E117*(100+G118)/100 -> 365573.75 | F118: =C119/C118 -> 1.148712 | G118: 9 | H118: =(A118*$D$67+$E$67)*$E$75 -> 28724456 | I118: =C118/H118 -> 0.085580975 | J118: =D118/H118 -> 0.085580975 | L118: =D118*$I$95*$K$97/10^9 -> 7.9893676 | M118: =D118*$I$95*$L$97/10^9 -> 12.782988
A119: 2035 | B119: =$D$67*A119+$E$67 -> 34371116 | C119: =C118+E118 -> 2823840.7 | D119: =D118+E118 -> 2823840.7 | E119: =E118*(100+G119)/100 -> 398475.39 | F119: =C120/C119 -> 1.1411111 | G119: 9 | H119: =(A119*$D$67+$E$67)*$E$75 -> 29010528 | I119: =C119/H119 -> 0.09733848 | J119: =D119/H119 -> 0.09733848 | L119: =D119*$I$95*$K$97/10^9 -> 9.1774823 | M119: =D119*$I$95*$L$97/10^9 -> 14.683972
A120: 2036 | B120: =$D$67*A120+$E$67 -> 34710049 | C120: =C119+E119 -> 3222316.1 | D120: =D119-D100+E119 -> 3210416.1 | E120: =E119*(100+G120)/100 -> 434338.18 | F120: =C121/C120 -> 1.1347907 | G120: 9 | H120: =(A120*$D$67+$E$67)*$E$75 -> 29296600 | I120: =C120/H120 -> 0.10998942 | J120: =D120/H120 -> 0.10958323 | L120: =D120*$I$95*$K$97/10^9 -> 10.433852 | M120: =D120*$I$95*$L$97/10^9 -> 16.694164
A121: 2037 | B121: =$D$67*A121+$E$67 -> 35048981 | C121: =C120+E120 -> 3656654.3 | D121: =D120-E100+E120 -> 3640554.3 | E121: =E120*(100+G121)/100 -> 473428.61 | F121: =C122/C121 -> 1.1294704 | G121: 9 | H121: =(A121*$D$67+$E$67)*$E$75 -> 29582672 | I121: =C121/H121 -> 0.12360798 | J121: =D121/H121 -> 0.12306374 | L121: =D121*$I$95*$K$97/10^9 -> 11.831801 | M121: =D121*$I$95*$L$97/10^9 -> 18.930882
A122: 2038 | B122: =$D$67*A122+$E$67 -> 35387914 | C122: =C121+E121 -> 4130082.9 | D122: =D121-E102+E121 -> 4100082.9 | E122: =E121*(100+G122)/100 -> 516037.19 | F122: =C123/C122 -> 1.124946 | G122: 9 | H122: =(A122*$D$67+$E$67)*$E$75 -> 29868744 | I122: =C122/H122 -> 0.13827441 | J122: =D122/H122 -> 0.13727001 | L122: =D122*$I$95*$K$97/10^9 -> 13.325269 | M122: =D122*$I$95*$L$97/10^9 -> 21.320431
A123: 2039 | B123: =$D$67*A123+$E$67 -> 35726847 | C123: =C122+E122 -> 4646120.1 | D123: =D122-E103+E122 -> 4602320.1 | E123: =E122*(100+G123)/100 -> 562480.53 | F123: =C124/C123 -> 1.1210646 | G123: 9 | H123: =(A123*$D$67+$E$67)*$E$75 -> 30154816 | I123: =C123/H123 -> 0.15407556 | J123: =D123/H123 -> 0.15262305 | L123: =D123*$I$95*$K$97/10^9 -> 14.95754 | M123: =D123*$I$95*$L$97/10^9 -> 23.932064
A124: 2040 | B124: =$D$67*A124+$E$67 -> 36065779 | C124: =C123+E123 -> 5208600.6 | D124: =D123-E104+E123 -> 5136100.6 | E124: =E123*(100+G124)/100 -> 613103.78 | F124: =C125/C124 -> 1.1177099 | G124: 9 | H124: =(A124*$D$67+$E$67)*$E$75 -> 30440888 | I124: =C124/H124 -> 0.17110541 | J124: =D124/H124 -> 0.16872374 | K124: =SUM(E115:E124) -> 4288812.3 | L124: =D124*$I$95*$K$97/10^9 -> 16.692327 | M124: =D124*$I$95*$L$97/10^9 -> 26.707723
A125: 2041 | B125: =$D$67*A125+$E$67 -> 36404712 | C125: =C124+E124 -> 5821704.4 | D125: =D124-E105+E124 -> 5681104.4 | E125: =E124*(100+G125)/100 -> 637627.93 | F125: =C126/C125 -> 1.109526 | G125: 4 | H125: =(A125*$D$67+$E$67)*$E$75 -> 30726960 | I125: =C125/H125 -> 0.18946568 | J125: =D125/H125 -> 0.18488989 | L125: =D125*$I$95*$K$97/10^9 -> 18.463589 | M125: =D125*$I$95*$L$97/10^9 -> 29.541743
A126: 2042 | B126: =$D$67*A126+$E$67 -> 36743645 | C126: =C125+E125 -> 6459332.3 | D126: =D125-E106+E125 -> 6239736.3 | E126: =E125*(100+G126)/100 -> 663133.05 | F126: =C127/C126 -> 1.1026628 | G126: 4 | H126: =(A126*$D$67+$E$67)*$E$75 -> 31013032 | I126: =C126/H126 -> 0.208278 | J126: =D126/H126 -> 0.20119723 | L126: =D126*$I$95*$K$97/10^9 -> 20.279143 | M126: =D126*$I$95*$L$97/10^9 -> 32.446629
A127: 2043 | B127: =$D$67*A127+$E$67 -> 37082577 | C127: =C126+E126 -> 7122465.4 | D127: =D126-E107+E126 -> 6811234 | E127: =E126*(100+G127)/100 -> 689658.37 | F127: =C128/C127 -> 1.0968286 | G127: 4 | H127: =(A127*$D$67+$E$67)*$E$75 -> 31299104 | I127: =C127/H127 -> 0.22756132 | J127: =D127/H127 -> 0.21761754 | L127: =D127*$I$95*$K$97/10^9 -> 22.13651 | M127: =D127*$I$95*$L$97/10^9 -> 35.418417
A128: 2044 | B128: =$D$67*A128+$E$67 -> 37421510 | C128: =C127+E127 -> 7812123.7 | D128: =D127-E108+E127 -> 7394595.4 | E128: =E127*(100+G128)/100 -> 717244.71 | F128: =C129/C128 -> 1.0918117 | G128: 4 | H128: =(A128*$D$67+$E$67)*$E$75 -> 31585176 | I128: =C128/H128 -> 0.24733513 | J128: =D128/H128 -> 0.23411601 | L128: =D128*$I$95*$K$97/10^9 -> 24.032435 | M128: =D128*$I$95*$L$97/10^9 -> 38.451896
A129: 2045 | B129: =$D$67*A129+$E$67 -> 37760442 | C129: =C128+E128 -> 8529368.4 | D129: =D128-E109+E128 -> 7988535.5 | E129: =E128*(100+G129)/100 -> 745934.49 | F129: =C130/C129 -> 1.0874548 | G129: 4 | H129: =(A129*$D$67+$E$67)*$E$75 -> 31871248 | I129: =C129/H129 -> 0.26761953 | J129: =D129/H129 -> 0.25065022 | L129: =D129*$I$95*$K$97/10^9 -> 25.96274 | M129: =D129*$I$95*$L$97/10^9 -> 41.540385
A130: 2046 | B130: =$D$67*A130+$E$67 -> 38099375 | C130: =C129+E129 -> 9275302.9 | D130: =D129-E110+E129 -> 8591436.7 | E130: =E129*(100+G130)/100 -> 775771.87 | F130: =C131/C130 -> 1.0836384 | G130: 4 | H130: =(A130*$D$67+$E$67)*$E$75 -> 32157320 | I130: =C130/H130 -> 0.28843519 | J130: =D130/H130 -> 0.26716893 | L130: =D130*$I$95*$K$97/10^9 -> 27.922169 | M130: =D130*$I$95*$L$97/10^9 -> 44.675471 | O130: 2021
A131: 2047 | B131: =$D$67*A131+$E$67 -> 38438308 | C131: =C130+E130 -> 10051075 | D131: =D130-E111+E130 -> 9201290 | E131: =E130*(100+G131)/100 -> 806802.75 | F131: =C132/C131 -> 1.0802703 | G131: 4 | H131: =(A131*$D$67+$E$67)*$E$75 -> 32443393 | I131: =C131/H131 -> 0.30980345 | J131: =D131/H131 -> 0.2836106 | L131: =D131*$I$95*$K$97/10^9 -> 29.904193 | M131: =D131*$I$95*$L$97/10^9 -> 47.846708 | O131: =481844256/1000000 -> 481.84426
A132: 2048 | B132: =$D$67*A132+$E$67 -> 38777240 | C132: =C131+E131 -> 10857878 | D132: =D131-E112+E131 -> 9815627.2 | E132: =E131*(100+G132)/100 -> 839074.86 | F132: =C133/C132 -> 1.077278 | G132: 4 | H132: =(A132*$D$67+$E$67)*$E$75 -> 32729465 | I132: =C132/H132 -> 0.33174626 | J132: =D132/H132 -> 0.29990186 | L132: =D132*$I$95*$K$97/10^9 -> 31.900788 | M132: =D132*$I$95*$L$97/10^9 -> 51.041262 | O132: https://www.eia.gov/electricity/state/texas/
A133: 2049 | B133: =$D$67*A133+$E$67 -> 39116173 | C133: =C132+E132 -> 11696952 | D133: =D132-E113+E132 -> 10431442 | E133: =E132*(100+G133)/100 -> 872637.85 | F133: =C134/C133 -> 1.0746039 | G133: 4 | H133: =(A133*$D$67+$E$67)*$E$75 -> 33015537 | I133: =C133/H133 -> 0.3542863 | J133: =D133/H133 -> 0.31595555 | L133: =D133*$I$95*$K$97/10^9 -> 33.902187 | M133: =D133*$I$95*$L$97/10^9 -> 54.243498 | N133: PERCENTAGE OF CURRENT PRODUCTION
A134: 2050 | B134: =$D$67*A134+$E$67 -> 39455106 | C134: =C133+E133 -> 12569590 | D134: =D133-E114+E133 -> 11045098 | E134: =E133*(100+G134)/100 -> 907543.37 | F134: =C135/C134 -> 0.87804757 | G134: 4 | H134: =(A134*$D$67+$E$67)*$E$75 -> 33301609 | I134: =C134/H134 -> 0.37744694 | J134: =D134/H134 -> 0.33166861 | K134: =SUM(E125:E134) -> 7655429.3 | L134: =D134*$I$95*$K$97/10^9 -> 35.896569 | M134: =D134*$I$95*$L$97/10^9 -> 57.434511 | N134: =L134/$O$131 -> 0.074498282 | O134: =M134/$O$131 -> 0.11919725
C135: =SUM(E115:E133) -> 11036698 | D135: =D134+SUM(D100,E100:E114) -> 12577990 | E135: =C100+SUM(E100:E133) -> 12569590 | F135: =D134/C135 -> 1.0007611 | G135: =D135/C134 -> 1.0006683 | J135: =(M134*10^6)/365 -> 157354.82 | K135: =C134-SUM(E112:E134) -> -49358.593 | L135: --->Producidos del 2028 en adelante | M135: =C135*$I$95*$L$97/10^9 -> 57.390831
B136: =SUM(C112+C134) -> 13427775 | I136: Mas del 90% de esos vehiculos será producido después del 2030

Sheet Plastics
W1: Natural gas thousand cu ft/car | X1: Natural gas Million (m3)/car | Y1: Crude oil gal/car | Z1: Crude oil Thousands (m3)/car | AA1: Electricity kWh/car | AC1: ng mass
E2: Value/car | F2: 14.168411 | G2: 13.236279 | H2: 19.947632 | I2: 1.3049853 | J2: 1.3049853 | K2: 2.6099705 | L2: 2.6099705 | M2: 2.6099705 | N2: 2.0506911 | O2: 13.049853 | P2: 6.5249263 | Q2: 3.1692499 | R2: 33.74319 | S2: 22.744029 | T2: 21.62547 | U2: 25.726852 | W2: 7.4623924 | X2: =28.32*7.46239236299982 -> 211.33495 | Y2: 22.472903 | Z2: =0.00378541*22.4729025711425 -> 0.08506915 | AA2: 356.27222 | AC2: 2636.4 | AD2: 50000
A3: ='Texas pop'!A99 -> Year | B3: ='Texas pop'!B99 -> Population | C3: ='Texas pop'!C99 -> EVs | D3: ='Texas pop'!D99 -> EVs w retirement | E3: ='Texas pop'!E99 -> Sales Difference/New cars | F3: ABS | G3: EPDM | H3: LER | I3: GPPS | J3: HIPS | K3: HDPE | L3: LDPE | M3: LLDPE | N3: Nylon 6 | O3: Nylon 66 | P3: PC | Q3: PET | R3: PP | S3: FPUR foam | T3: RPUR foam | U3: PVC | V3: Total | W3: NG | X3: NG | Y3: Crude oil | AA3: Electricity | AC3: =AD3*AC2/AD2 -> 393.47702 | AD3: =7.46239236299982*1000 -> 7462.3924
A4: ='Texas pop'!A100 -> 2016 | B4: ='Texas pop'!B100 -> 27914064 | C4: ='Texas pop'!C100 -> 11900 | D4: ='Texas pop'!D100 -> 11900 | E4: ='Texas pop'!E100 -> 4200 | F4: =$E4*F$2/1000000 -> 0.059507328 | G4: =$E4*G$2/1000000 -> 0.055592372 | H4: =$E4*H$2/1000000 -> 0.083780053 | I4: =$E4*I$2/1000000 -> 0.0054809381 | J4: =$E4*J$2/1000000 -> 0.0054809381 | K4: =$E4*K$2/1000000 -> 0.010961876 | L4: =$E4*L$2/1000000 -> 0.010961876 | M4: =$E4*M$2/1000000 -> 0.010961876 | ... U4: =$E4*U$2/1000000 -> 0.10805278 | V4: =SUM(F4:U4) -> 0.78299115 | W4: =$E4*W$2 -> 31342.048 | X4: =$E4*X$2/1000000 -> 0.8876068 | Y4: =$E4*Y$2/(42*1000) -> 2.2472903 | Z4: =$E4*Z$2/1000 -> 0.35729043 | AA4: =$E4*AA$2/1000000 -> 1.4963433 | AC4: =AC3*AD5 -> 178.47803 | AD4: kgs
A5: ='Texas pop'!A101 -> 2017 | B5: ='Texas pop'!B101 -> 28291024 | C5: ='Texas pop'!C101 -> 16100 | D5: ='Texas pop'!D101 -> 16100 | E5: ='Texas pop'!E101 -> 8400 | F5: =$E5*F$2/1000000 -> 0.11901466 | G5: =$E5*G$2/1000000 -> 0.11118474 | H5: =$E5*H$2/1000000 -> 0.16756011 | I5: =$E5*I$2/1000000 -> 0.010961876 | J5: =$E5*J$2/1000000 -> 0.010961876 | K5: =$E5*K$2/1000000 -> 0.021923752 | L5: =$E5*L$2/1000000 -> 0.021923752 | M5: =$E5*M$2/1000000 -> 0.021923752 | ... U5: =$E5*U$2/1000000 -> 0.21610556 | V5: =SUM(F5:U5) -> 1.5659823 | W5: =$E5*W$2 -> 62684.096 | X5: =$E5*X$2/1000000 -> 1.7752136 | Y5: =$E5*Y$2/(42*1000) -> 4.4945805 | Z5: =$E5*Z$2/1000 -> 0.71458086 | AA5: =$E5*AA$2/1000000 -> 2.9926866 | AC5: lbs to kg | AD5: 0.453592
A6: ='Texas pop'!A102 -> 2018 | B6: ='Texas pop'!B102 -> 28624564 | C6: ='Texas pop'!C102 -> 24500 | D6: ='Texas pop'!D102 -> 24500 | E6: ='Texas pop'!E102 -> 13900 | F6: =$E6*F$2/1000000 -> 0.19694092 | G6: =$E6*G$2/1000000 -> 0.18398428 | H6: =$E6*H$2/1000000 -> 0.27727208 | I6: =$E6*I$2/1000000 -> 0.018139295 | J6: =$E6*J$2/1000000 -> 0.018139295 | K6: =$E6*K$2/1000000 -> 0.03627859 | L6: =$E6*L$2/1000000 -> 0.03627859 | M6: =$E6*M$2/1000000 -> 0.03627859 | ... U6: =$E6*U$2/1000000 -> 0.35760325 | V6: =SUM(F6:U6) -> 2.5913279 | W6: =$E6*W$2 -> 103727.25 | X6: =$E6*X$2/1000000 -> 2.9375558 | Y6: =$E6*Y$2/(42*1000) -> 7.4374606 | Z6: =$E6*Z$2/1000 -> 1.1824612 | AA6: =$E6*AA$2/1000000 -> 4.9521838
A7: ='Texas pop'!A103 -> 2019 | B7: ='Texas pop'!B103 -> 28986794 | C7: ='Texas pop'!C103 -> 38400 | D7: ='Texas pop'!D103 -> 38400 | E7: ='Texas pop'!E103 -> 13800 | F7: =$E7*F$2/1000000 -> 0.19552408 | G7: =$E7*G$2/1000000 -> 0.18266065 | H7: =$E7*H$2/1000000 -> 0.27527732 | I7: =$E7*I$2/1000000 -> 0.018008797 | J7: =$E7*J$2/1000000 -> 0.018008797 | K7: =$E7*K$2/1000000 -> 0.036017593 | L7: =$E7*L$2/1000000 -> 0.036017593 | M7: =$E7*M$2/1000000 -> 0.036017593 | ... U7: =$E7*U$2/1000000 -> 0.35503056 | V7: =SUM(F7:U7) -> 2.5726852 | W7: =$E7*W$2 -> 102981.01 | X7: =$E7*X$2/1000000 -> 2.9164223 | Y7: =$E7*Y$2/(42*1000) -> 7.3839537 | Z7: =$E7*Z$2/1000 -> 1.1739543 | AA7: =$E7*AA$2/1000000 -> 4.9165566 | AC7: oil mass
A8: ='Texas pop'!A104 -> 2020 | B8: ='Texas pop'!B104 -> 29232474 | C8: ='Texas pop'!C104 -> 52200 | D8: ='Texas pop'!D104 -> 52200 | E8: ='Texas pop'!E104 -> 28700 | F8: =$E8*F$2/1000000 -> 0.40663341 | G8: =$E8*G$2/1000000 -> 0.37988121 | H8: =$E8*H$2/1000000 -> 0.57249703 | I8: =$E8*I$2/1000000 -> 0.037453077 | J8: =$E8*J$2/1000000 -> 0.037453077 | K8: =$E8*K$2/1000000 -> 0.074906154 | L8: =$E8*L$2/1000000 -> 0.074906154 | M8: =$E8*M$2/1000000 -> 0.074906154 | ... U8: =$E8*U$2/1000000 -> 0.73836066 | V8: =SUM(F8:U8) -> 5.3504395 | W8: =$E8*W$2 -> 214170.66 | X8: =$E8*X$2/1000000 -> 6.0653131 | Y8: =$E8*Y$2/(42*1000) -> 15.356483 | Z8: =$E8*Z$2/1000 -> 2.4414846 | AA8: =$E8*AA$2/1000000 -> 10.225013 | AC8: 7.2 | AD8: =AC8*Y2 -> 161.8049
A9: ='Texas pop'!A105 -> 2021 | B9: ='Texas pop'!B105 -> 29558864 | C9: ='Texas pop'!C105 -> 80900 | D9: ='Texas pop'!D105 -> 80900 | E9: ='Texas pop'!E105 -> 68100 | F9: =$E9*F$2/1000000 -> 0.96486881 | G9: =$E9*G$2/1000000 -> 0.9013906 | H9: =$E9*H$2/1000000 -> 1.3584337 | I9: =$E9*I$2/1000000 -> 0.088869496 | J9: =$E9*J$2/1000000 -> 0.088869496 | K9: =$E9*K$2/1000000 -> 0.17773899 | L9: =$E9*L$2/1000000 -> 0.17773899 | M9: =$E9*M$2/1000000 -> 0.17773899 | ... U9: =$E9*U$2/1000000 -> 1.7519986 | V9: =SUM(F9:U9) -> 12.695642 | W9: =$E9*W$2 -> 508188.92 | X9: =$E9*X$2/1000000 -> 14.39191 | Y9: =$E9*Y$2/(42*1000) -> 36.438206 | Z9: =$E9*Z$2/1000 -> 5.7932091 | AA9: =$E9*AA$2/1000000 -> 24.262138 | AC9: kgs | AD9: =AD5*AD8 -> 73.393408
A10: ='Texas pop'!A106 -> 2022 | B10: ='Texas pop'!B106 -> 30029572 | C10: ='Texas pop'!C106 -> 149000 | D10: ='Texas pop'!D106 -> 149000 | E10: ='Texas pop'!E106 -> 78996 | F10: =$E10*F$2/1000000 -> 1.1192478 | G10: =$E10*G$2/1000000 -> 1.0456131 | H10: =$E10*H$2/1000000 -> 1.5757831 | I10: =$E10*I$2/1000000 -> 0.10308862 | J10: =$E10*J$2/1000000 -> 0.10308862 | K10: =$E10*K$2/1000000 -> 0.20617723 | L10: =$E10*L$2/1000000 -> 0.20617723 | M10: =$E10*M$2/1000000 -> 0.20617723 | ... U10: =$E10*U$2/1000000 -> 2.0323184 | V10: =SUM(F10:U10) -> 14.726945 | W10: =$E10*W$2 -> 589499.15 | X10: =$E10*X$2/1000000 -> 16.694616 | Y10: =$E10*Y$2/(42*1000) -> 42.268319 | Z10: =$E10*Z$2/1000 -> 6.7201226 | AA10: =$E10*AA$2/1000000 -> 28.14408 | AC10: kgs | AD10: =AC4+AD9 -> 251.87144
A11: ='Texas pop'!A107 -> 2023 | B11: ='Texas pop'!B107 -> 30303924 | C11: ='Texas pop'!C107 -> 227996 | D11: ='Texas pop'!D107 -> 227996 | E11: ='Texas pop'!E107 -> 91635.36 | F11: =$E11*F$2/1000000 -> 1.2983275 | G11: =$E11*G$2/1000000 -> 1.2129112 | H11: =$E11*H$2/1000000 -> 1.8279084 | I11: =$E11*I$2/1000000 -> 0.11958279 | J11: =$E11*J$2/1000000 -> 0.11958279 | K11: =$E11*K$2/1000000 -> 0.23916559 | L11: =$E11*L$2/1000000 -> 0.23916559 | M11: =$E11*M$2/1000000 -> 0.23916559 | ... U11: =$E11*U$2/1000000 -> 2.3574894 | V11: =SUM(F11:U11) -> 17.083256 | W11: =$E11*W$2 -> 683819.01 | X11: =$E11*X$2/1000000 -> 19.365754 | Y11: =$E11*Y$2/(42*1000) -> 49.03125 | Z11: =$E11*Z$2/1000 -> 7.7953422 | AA11: =$E11*AA$2/1000000 -> 32.647133 | AC11: final | AD11: 186.43
A12: ='Texas pop'!A108 -> 2024 | B12: ='Texas pop'!B108 -> 30642857 | C12: ='Texas pop'!C108 -> 319631.36 | D12: ='Texas pop'!D108 -> 319631.36 | E12: ='Texas pop'!E108 -> 106297.02 | F12: =$E12*F$2/1000000 -> 1.5060599 | G12: =$E12*G$2/1000000 -> 1.406977 | H12: =$E12*H$2/1000000 -> 2.1203738 | I12: =$E12*I$2/1000000 -> 0.13871604 | J12: =$E12*J$2/1000000 -> 0.13871604 | K12: =$E12*K$2/1000000 -> 0.27743208 | L12: =$E12*L$2/1000000 -> 0.27743208 | M12: =$E12*M$2/1000000 -> 0.27743208 | ... U12: =$E12*U$2/1000000 -> 2.7346877 | V12: =SUM(F12:U12) -> 19.816577 | W12: =$E12*W$2 -> 793230.05 | X12: =$E12*X$2/1000000 -> 22.464275 | Y12: =$E12*Y$2/(42*1000) -> 56.87625 | Z12: =$E12*Z$2/1000 -> 9.0425969 | AA12: =$E12*AA$2/1000000 -> 37.870674 | AC12: Mass req/kg output | AD12: =AD10/AD11 -> 1.3510242
A13: ='Texas pop'!A109 -> 2025 | B13: ='Texas pop'!B109 -> 30981790 | C13: ='Texas pop'!C109 -> 425928.38 | D13: ='Texas pop'!D109 -> 425928.38 | E13: ='Texas pop'!E109 -> 123304.54 | F13: =$E13*F$2/1000000 -> 1.7470294 | G13: =$E13*G$2/1000000 -> 1.6320933 | H13: =$E13*H$2/1000000 -> 2.4596336 | I13: =$E13*I$2/1000000 -> 0.16091061 | J13: =$E13*J$2/1000000 -> 0.16091061 | K13: =$E13*K$2/1000000 -> 0.32182121 | L13: =$E13*L$2/1000000 -> 0.32182121 | M13: =$E13*M$2/1000000 -> 0.32182121 | ... U13: =$E13*U$2/1000000 -> 3.1722377 | V13: =SUM(F13:U13) -> 22.98723 | W13: =$E13*W$2 -> 920146.86 | X13: =$E13*X$2/1000000 -> 26.058559 | Y13: =$E13*Y$2/(42*1000) -> 65.976451 | Z13: =$E13*Z$2/1000 -> 10.489412 | AA13: =$E13*AA$2/1000000 -> 43.929982
A14: ='Texas pop'!A110 -> 2026 | B14: ='Texas pop'!B110 -> 31320722 | C14: ='Texas pop'!C110 -> 549232.92 | D14: ='Texas pop'!D110 -> 549232.92 | E14: ='Texas pop'!E110 -> 143033.27 | F14: =$E14*F$2/1000000 -> 2.0265542 | G14: =$E14*G$2/1000000 -> 1.8932282 | H14: =$E14*H$2/1000000 -> 2.8531749 | I14: =$E14*I$2/1000000 -> 0.1866563 | J14: =$E14*J$2/1000000 -> 0.1866563 | K14: =$E14*K$2/1000000 -> 0.37331261 | L14: =$E14*L$2/1000000 -> 0.37331261 | M14: =$E14*M$2/1000000 -> 0.37331261 | ... U14: =$E14*U$2/1000000 -> 3.6797957 | V14: =SUM(F14:U14) -> 26.665186 | W14: =$E14*W$2 -> 1067370.4 | X14: =$E14*X$2/1000000 -> 30.227929 | Y14: =$E14*Y$2/(42*1000) -> 76.532683 | Z14: =$E14*Z$2/1000 -> 12.167718 | AA14: =$E14*AA$2/1000000 -> 50.958779
A15: ='Texas pop'!A111 -> 2027 | B15: ='Texas pop'!B111 -> 31659655 | C15: ='Texas pop'!C111 -> 692266.18 | D15: ='Texas pop'!D111 -> 692266.18 | E15: ='Texas pop'!E111 -> 165918.59 | F15: =$E15*F$2/1000000 -> 2.3508028 | G15: =$E15*G$2/1000000 -> 2.1961447 | H15: =$E15*H$2/1000000 -> 3.3096829 | I15: =$E15*I$2/1000000 -> 0.21652131 | J15: =$E15*J$2/1000000 -> 0.21652131 | K15: =$E15*K$2/1000000 -> 0.43304263 | L15: =$E15*L$2/1000000 -> 0.43304263 | M15: =$E15*M$2/1000000 -> 0.43304263 | ... U15: =$E15*U$2/1000000 -> 4.268563 | V15: =SUM(F15:U15) -> 30.931616 | W15: =$E15*W$2 -> 1238149.6 | X15: =$E15*X$2/1000000 -> 35.064397 | Y15: =$E15*Y$2/(42*1000) -> 88.777912 | Z15: =$E15*Z$2/1000 -> 14.114553 | AA15: =$E15*AA$2/1000000 -> 59.112183
A16: ='Texas pop'!A112 -> 2028 | B16: ='Texas pop'!B112 -> 31998588 | C16: ='Texas pop'!C112 -> 858184.77 | D16: ='Texas pop'!D112 -> 858184.77 | E16: ='Texas pop'!E112 -> 192465.56 | F16: =$E16*F$2/1000000 -> 2.7269313 | G16: =$E16*G$2/1000000 -> 2.5475279 | H16: =$E16*H$2/1000000 -> 3.8392322 | I16: =$E16*I$2/1000000 -> 0.25116472 | J16: =$E16*J$2/1000000 -> 0.25116472 | K16: =$E16*K$2/1000000 -> 0.50232945 | L16: =$E16*L$2/1000000 -> 0.50232945 | M16: =$E16*M$2/1000000 -> 0.50232945 | ... U16: =$E16*U$2/1000000 -> 4.9515331 | V16: =SUM(F16:U16) -> 35.880675 | W16: =$E16*W$2 -> 1436253.6 | X16: =$E16*X$2/1000000 -> 40.674701 | Y16: =$E16*Y$2/(42*1000) -> 102.98238 | Z16: =$E16*Z$2/1000 -> 16.372882 | AA16: =$E16*AA$2/1000000 -> 68.570133
A17: ='Texas pop'!A113 -> 2029 | B17: ='Texas pop'!B113 -> 32337520 | C17: ='Texas pop'!C113 -> 1050650.3 | D17: ='Texas pop'!D113 -> 1050650.3 | E17: ='Texas pop'!E113 -> 223260.05 | F17: =$E17*F$2/1000000 -> 3.1632403 | G17: =$E17*G$2/1000000 -> 2.9551324 | H17: =$E17*H$2/1000000 -> 4.4535093 | I17: =$E17*I$2/1000000 -> 0.29135108 | J17: =$E17*J$2/1000000 -> 0.29135108 | K17: =$E17*K$2/1000000 -> 0.58270216 | L17: =$E17*L$2/1000000 -> 0.58270216 | M17: =$E17*M$2/1000000 -> 0.58270216 | ... U17: =$E17*U$2/1000000 -> 5.7437784 | V17: =SUM(F17:U17) -> 41.621583 | W17: =$E17*W$2 -> 1666054.1 | X17: =$E17*X$2/1000000 -> 47.182653 | Y17: =$E17*Y$2/(42*1000) -> 119.45956 | Z17: =$E17*Z$2/1000 -> 18.992543 | AA17: =$E17*AA$2/1000000 -> 79.541354
A18: ='Texas pop'!A114 -> 2030 | B18: ='Texas pop'!B114 -> 32676453 | C18: ='Texas pop'!C114 -> 1273910.4 | D18: ='Texas pop'!D114 -> 1273910.4 | E18: ='Texas pop'!E114 -> 258981.66 | F18: =$E18*F$2/1000000 -> 3.6693587 | G18: =$E18*G$2/1000000 -> 3.4279535 | H18: =$E18*H$2/1000000 -> 5.1660708 | I18: =$E18*I$2/1000000 -> 0.33796725 | J18: =$E18*J$2/1000000 -> 0.33796725 | K18: =$E18*K$2/1000000 -> 0.6759345 | L18: =$E18*L$2/1000000 -> 0.6759345 | M18: =$E18*M$2/1000000 -> 0.6759345 | ... U18: =$E18*U$2/1000000 -> 6.662783 | V18: =SUM(F18:U18) -> 48.281036 | W18: =$E18*W$2 -> 1932622.8 | X18: =$E18*X$2/1000000 -> 54.731877 | Y18: =$E18*Y$2/(42*1000) -> 138.57309 | Z18: =$E18*Z$2/1000 -> 22.03135 | AA18: =$E18*AA$2/1000000 -> 92.267971
A19: ='Texas pop'!A115 -> 2031 | B19: ='Texas pop'!B115 -> 33015385 | C19: ='Texas pop'!C115 -> 1532892.1 | D19: ='Texas pop'!D115 -> 1532892.1 | E19: ='Texas pop'!E115 -> 282290.01 | F19: =$E19*F$2/1000000 -> 3.999601 | G19: =$E19*G$2/1000000 -> 3.7364694 | H19: =$E19*H$2/1000000 -> 5.6310172 | I19: =$E19*I$2/1000000 -> 0.3683843 | J19: =$E19*J$2/1000000 -> 0.3683843 | K19: =$E19*K$2/1000000 -> 0.73676861 | L19: =$E19*L$2/1000000 -> 0.73676861 | M19: =$E19*M$2/1000000 -> 0.73676861 | ... U19: =$E19*U$2/1000000 -> 7.2624334 | V19: =SUM(F19:U19) -> 52.626329 | W19: =$E19*W$2 -> 2106558.8 | X19: =$E19*X$2/1000000 -> 59.657746 | Y19: =$E19*Y$2/(42*1000) -> 151.04467 | Z19: =$E19*Z$2/1000 -> 24.014171 | AA19: =$E19*AA$2/1000000 -> 100.57209
A20: ='Texas pop'!A116 -> 2032 | B20: ='Texas pop'!B116 -> 33354318 | C20: ='Texas pop'!C116 -> 1815182.1 | D20: ='Texas pop'!D116 -> 1815182.1 | E20: ='Texas pop'!E116 -> 307696.11 | F20: =$E20*F$2/1000000 -> 4.3595651 | G20: =$E20*G$2/1000000 -> 4.0727516 | H20: =$E20*H$2/1000000 -> 6.1378088 | I20: =$E20*I$2/1000000 -> 0.40153889 | J20: =$E20*J$2/1000000 -> 0.40153889 | K20: =$E20*K$2/1000000 -> 0.80307778 | L20: =$E20*L$2/1000000 -> 0.80307778 | M20: =$E20*M$2/1000000 -> 0.80307778 | ... U20: =$E20*U$2/1000000 -> 7.9160524 | V20: =SUM(F20:U20) -> 57.362699 | W20: =$E20*W$2 -> 2296149.1 | X20: =$E20*X$2/1000000 -> 65.026943 | Y20: =$E20*Y$2/(42*1000) -> 164.63869 | Z20: =$E20*Z$2/1000 -> 26.175447 | AA20: =$E20*AA$2/1000000 -> 109.62358
A21: ='Texas pop'!A117 -> 2033 | B21: ='Texas pop'!B117 -> 33693251 | C21: ='Texas pop'!C117 -> 2122878.2 | D21: ='Texas pop'!D117 -> 2122878.2 | E21: ='Texas pop'!E117 -> 335388.76 | F21: =$E21*F$2/1000000 -> 4.751926 | G21: =$E21*G$2/1000000 -> 4.4392993 | H21: =$E21*H$2/1000000 -> 6.6902116 | I21: =$E21*I$2/1000000 -> 0.43767739 | J21: =$E21*J$2/1000000 -> 0.43767739 | K21: =$E21*K$2/1000000 -> 0.87535478 | L21: =$E21*L$2/1000000 -> 0.87535478 | M21: =$E21*M$2/1000000 -> 0.87535478 | ... U21: =$E21*U$2/1000000 -> 8.6284971 | V21: =SUM(F21:U21) -> 62.525342 | W21: =$E21*W$2 -> 2502802.5 | X21: =$E21*X$2/1000000 -> 70.879368 | Y21: =$E21*Y$2/(42*1000) -> 179.45617 | Z21: =$E21*Z$2/1000 -> 28.531237 | AA21: =$E21*AA$2/1000000 -> 119.4897
A22: ='Texas pop'!A118 -> 2034 | B22: ='Texas pop'!B118 -> 34032183 | C22: ='Texas pop'!C118 -> 2458266.9 | D22: ='Texas pop'!D118 -> 2458266.9 | E22: ='Texas pop'!E118 -> 365573.75 | F22: =$E22*F$2/1000000 -> 5.1795993 | G22: =$E22*G$2/1000000 -> 4.8388362 | H22: =$E22*H$2/1000000 -> 7.2923306 | I22: =$E22*I$2/1000000 -> 0.47706836 | J22: =$E22*J$2/1000000 -> 0.47706836 | K22: =$E22*K$2/1000000 -> 0.95413671 | L22: =$E22*L$2/1000000 -> 0.95413671 | M22: =$E22*M$2/1000000 -> 0.95413671 | ... U22: =$E22*U$2/1000000 -> 9.4050619 | V22: =SUM(F22:U22) -> 68.152622 | W22: =$E22*W$2 -> 2728054.8 | X22: =$E22*X$2/1000000 -> 77.258511 | Y22: =$E22*Y$2/(42*1000) -> 195.60722 | Z22: =$E22*Z$2/1000 -> 31.099048 | AA22: =$E22*AA$2/1000000 -> 130.24377
A23: ='Texas pop'!A119 -> 2035 | B23: ='Texas pop'!B119 -> 34371116 | C23: ='Texas pop'!C119 -> 2823840.7 | D23: ='Texas pop'!D119 -> 2823840.7 | E23: ='Texas pop'!E119 -> 398475.39 | F23: =$E23*F$2/1000000 -> 5.6457632 | G23: =$E23*G$2/1000000 -> 5.2743314 | H23: =$E23*H$2/1000000 -> 7.9486403 | I23: =$E23*I$2/1000000 -> 0.52000451 | J23: =$E23*J$2/1000000 -> 0.52000451 | K23: =$E23*K$2/1000000 -> 1.040009 | L23: =$E23*L$2/1000000 -> 1.040009 | M23: =$E23*M$2/1000000 -> 1.040009 | ... U23: =$E23*U$2/1000000 -> 10.251517 | V23: =SUM(F23:U23) -> 74.286358 | W23: =$E23*W$2 -> 2973579.7 | X23: =$E23*X$2/1000000 -> 84.211777 | Y23: =$E23*Y$2/(42*1000) -> 213.21187 | Z23: =$E23*Z$2/1000 -> 33.897963 | AA23: =$E23*AA$2/1000000 -> 141.96571
A24: ='Texas pop'!A120 -> 2036 | B24: ='Texas pop'!B120 -> 34710049 | C24: ='Texas pop'!C120 -> 3222316.1 | D24: ='Texas pop'!D120 -> 3210416.1 | E24: ='Texas pop'!E120 -> 434338.18 | F24: =$E24*F$2/1000000 -> 6.1538819 | G24: =$E24*G$2/1000000 -> 5.7490213 | H24: =$E24*H$2/1000000 -> 8.664018 | I24: =$E24*I$2/1000000 -> 0.56680491 | J24: =$E24*J$2/1000000 -> 0.56680491 | K24: =$E24*K$2/1000000 -> 1.1336098 | L24: =$E24*L$2/1000000 -> 1.1336098 | M24: =$E24*M$2/1000000 -> 1.1336098 | ... U24: =$E24*U$2/1000000 -> 11.174154 | V24: =SUM(F24:U24) -> 80.972131 | W24: =$E24*W$2 -> 3241201.9 | X24: =$E24*X$2/1000000 -> 91.790837 | Y24: =$E24*Y$2/(42*1000) -> 232.40094 | Z24: =$E24*Z$2/1000 -> 36.948779 | AA24: =$E24*AA$2/1000000 -> 154.74262
... A38: ='Texas pop'!A134 -> 2050 | B38: ='Texas pop'!B134 -> 39455106 | C38: ='Texas pop'!C134 -> 12569590 | D38: ='Texas pop'!D134 -> 11045098 | E38: ='Texas pop'!E134 -> 907543.37 | F38: =$E38*F$2/1000000 -> 12.858448 | G38: =$E38*G$2/1000000 -> 12.012497 | H38: =$E38*H$2/1000000 -> 18.103341 | I38: =$E38*I$2/1000000 -> 1.1843307 | J38: =$E38*J$2/1000000 -> 1.1843307 | K38: =$E38*K$2/1000000 -> 2.3686614 | L38: =$E38*L$2/1000000 -> 2.3686614 | M38: =$E38*M$2/1000000 -> 2.3686614 | ... U38: =$E38*U$2/1000000 -> 23.348234 | V38: =SUM(F38:U38) -> 169.1901 | W38: =$E38*W$2 -> 6772444.7 | X38: =$E38*X$2/1000000 -> 191.79563 | Y38: =$E38*Y$2/(42*1000) -> 485.59842 | Z38: =$E38*Z$2/1000 -> 77.203943 | AA38: =$E38*AA$2/1000000 -> 323.33249
A39: ='Texas pop'!A135 -> 0 | B39: ='Texas pop'!B135 -> 0 | C39: ='Texas pop'!C135 -> 11036698 | D39: ='Texas pop'!D135 -> 12577990 | E39: ='Texas pop'!E135 -> 12569590 | F39: =$E39*F$2 -> 1.7809113e+08 | G39: =$E39*G$2 -> 1.663746e+08 | H39: =$E39*H$2 -> 2.5073356e+08 | I39: =$E39*I$2 -> 16403130 | J39: =$E39*J$2 -> 16403130 | K39: =$E39*K$2 -> 32806260 | L39: =$E39*L$2 -> 32806260 | M39: =$E39*M$2 -> 32806260 | ... U39: =$E39*U$2 -> 3.2337599e+08
